Keyword,Product Name,Price (per Kg),Product URL,Company,Company URL,City,Address,Rating,Phone
Die casting,Gravity Die Casting Parts,310,https://www.indiamart.com/proddetail/gravity-die-casting-parts-1214630548.html?pos=2&kwd=die casting&tags=|PL|||8281.036|Price|product|||LSlc|rsf:pl-|-qr_nm:gd|res:RC4|com-cf:nl|ptrs:na|ktp:N0|mc:2307|cat:133|mtp:G|qry_typ:P|lang:en|wc:2|flavl:0-9|cs:7614|v=4|r=4,Meta Lab Engineers.,https://www.metalabengineers.co.in/?pos=2&kwd=die casting&tags=|PL|||8281.036|Price|product|||LSlc|rsf:pl-|-qr_nm:gd|res:RC4|com-cf:nl|ptrs:na|ktp:N0|mc:2307|cat:133|mtp:G|qry_typ:P|lang:en|wc:2|flavl:0-9|cs:7614|v=4,Vadodara,"42-1, Meta Lab Engineers, GIDC Estate, Makarpura,, Vadodara - 390010, Dist.Vadodara, Gujarat",4.4,8048986432
Die casting,Aluminum Aluminium Pressure Die Casting,335,https://www.indiamart.com/proddetail/aluminium-pressure-die-casting-21862174348.html?pos=3&kwd=die casting&tags=A||||8223.226|Price|product|||SSlc|rsf:gd-|-qr_nm:gd|res:RC4|com-cf:nl|ptrs:na|ktp:N0|mc:2307|cat:133|mtp:G|qry_typ:P|lang:en|wc:2|flavl:0-9|cs:7614|v=4|r=4,Gravity Diecasting Industries,https://www.gravitydiecasting.net/?pos=3&kwd=die casting&tags=A||||8223.226|Price|product|||SSlc|rsf:gd-|-qr_nm:gd|res:RC4|com-cf:nl|ptrs:na|ktp:N0|mc:2307|cat:133|mtp:G|qry_typ:P|lang:en|wc:2|flavl:0-9|cs:7614|v=4,Thane,"Jaywant Estate, Opposite Roshan Auto, Murbad Road, Kalyan West, Thane - 421301, Dist.Thane, Maharashtra",4.3,8046072952
Die casting,"Gravity Die Castings Aluminium Spray Gun Handle Casting, For Industrial",200,https://www.indiamart.com/proddetail/spray-gun-handle-casting-4492924148.html?pos=4&kwd=die casting&tags=A||||8210.732|Price|product|||TS|rsf:gd-|-qr_nm:gd|res:RC4|com-cf:nl|ptrs:na|ktp:N0|mc:2307|cat:133|mtp:G|qry_typ:P|lang:en|wc:2|flavl:0-9|cs:7614|v=4|r=5,Super Cast Founders & Engineers,https://www.supercast.net/?pos=4&kwd=die casting&tags=A||||8210.732|Price|product|||TS|rsf:gd-|-qr_nm:gd|res:RC4|com-cf:nl|ptrs:na|ktp:N0|mc:2307|cat:133|mtp:G|qry_typ:P|lang:en|wc:2|flavl:0-9|cs:7614|v=4,Vasai,"Gala 10/19, Oberoi Industrial Estate, Chinchpada, Waliv Road, Vasai - 401208, Dist.Palghar, Maharashtra",5,8048601580
Die casting,Die Casting Service,300,https://www.indiamart.com/proddetail/die-casting-service-2852664538912.html?pos=5&kwd=die casting&tags=A||||8038.093|Price|product|||TS|rsf:gd-|-qr_nm:gd|res:RC4|com-cf:nl|ptrs:na|ktp:N0|mc:2307|cat:133|mtp:G|qry_typ:P|lang:en|wc:2|flavl:0-9|cs:7614|v=4|r=4,Jay Khodal Metal,https://www.jaykhodalmetal.com/?pos=5&kwd=die casting&tags=A||||8038.093|Price|product|||TS|rsf:gd-|-qr_nm:gd|res:RC4|com-cf:nl|ptrs:na|ktp:N0|mc:2307|cat:133|mtp:G|qry_typ:P|lang:en|wc:2|flavl:0-9|cs:7614|v=4,Rajkot,"Plot No 7, Ghanshyam Industrial Area, Street No 8, Dhebar Road, Rajkot - 360002, Dist.Rajkot, Gujarat",4,8047690232
Die casting,"Hot Plate Solar Panel Aluminum Die Casting, For Automobile",325,https://www.indiamart.com/proddetail/solar-panel-aluminum-die-casting-21762210312.html?pos=6&kwd=die casting&tags=A||||8038.093|Price|product|||TS|rsf:gd-|-qr_nm:gd|res:RC4|com-cf:nl|ptrs:na|ktp:N0|mc:2307|cat:133|mtp:G|qry_typ:P|lang:en|wc:2|flavl:0-9|cs:7614|v=4|r=4,Mak Industries,https://www.makindustries.in/?pos=6&kwd=die casting&tags=A||||8038.093|Price|product|||TS|rsf:gd-|-qr_nm:gd|res:RC4|com-cf:nl|ptrs:na|ktp:N0|mc:2307|cat:133|mtp:G|qry_typ:P|lang:en|wc:2|flavl:0-9|cs:7614|v=4,Rajkot,"R S No.51/1, Plot No.39, Mak Industries, Copper Indl. Area, Behind Sim Agro, Kangashiyali, Rajkot - 360002, Dist.Rajkot, Gujarat",4,8047645812
Die casting,Aluminium Gravity Die Casting,300,https://www.indiamart.com/proddetail/gravity-die-casting-2851620111648.html?pos=8&kwd=die casting&tags=A||||8038.093|Price|product|||TS|rsf:gd-|-qr_nm:gd|res:RC4|com-cf:nl|ptrs:na|ktp:N0|mc:2307|cat:133|mtp:G|qry_typ:P|lang:en|wc:2|flavl:0-9|cs:7614|v=4|r=4,Horizon Metal Components,https://www.horizonmetals.in/?pos=8&kwd=die casting&tags=A||||8038.093|Price|product|||TS|rsf:gd-|-qr_nm:gd|res:RC4|com-cf:nl|ptrs:na|ktp:N0|mc:2307|cat:133|mtp:G|qry_typ:P|lang:en|wc:2|flavl:0-9|cs:7614|v=4,Rajkot,"Plot 2/13, B/H Rolwell Forze Pvt Ltd, NR.Pardi PGVCL Kishan Cement Gate, Pardi, Rajkot - 360024, Dist.Rajkot, Gujarat",4.2,7942873681
Die casting,"Gray Zinc Die Cast Products, Packaging Type: Bag",350,https://www.indiamart.com/proddetail/zinc-die-cast-products-2855405410148.html?pos=9&kwd=die casting&tags=A||||8038.093|Price|product|||TS|rsf:gd-|-qr_nm:gd|res:RC4|com-cf:nl|ptrs:na|ktp:N0|mc:2307|cat:133|mtp:G|qry_typ:P|lang:en|wc:2|flavl:0-9|cs:7614|v=4|r=4,MG Hardware,https://www.indiamart.com/mg-store-rajkot/?pos=9&kwd=die casting&tags=A||||8038.093|Price|product|||TS|rsf:gd-|-qr_nm:gd|res:RC4|com-cf:nl|ptrs:na|ktp:N0|mc:2307|cat:133|mtp:G|qry_typ:P|lang:en|wc:2|flavl:0-9|cs:7614|v=4,Rajkot,"Plot No 25/B, B/h Petrol Pump, Lothada, Gondal Road, C/o UV Engineering, Lothada, Rajkot - 360020, Dist.Rajkot, Gujarat",4.7,8047621104
Iron casting,"DuctileIronCasting, For Industrial, Packaging Type: Box",135,https://www.indiamart.com/proddetail/ductile-iron-casting-22782274097.html?pos=1&kwd=iron casting&tags=A|PL|||8211.142|Price|product|||SSlc|rsf:pl-|-res:RC4|ktp:N0|stype:attr=1|mtp:S|wc:2|qr_nm:gd|com-cf:nl|ptrs:na|mc:2310|cat:133|qry_typ:P|lang:en|flavl:0-2|cs:8789|v=4|r=4,Eagle Industries,https://www.eagleindustry.net/?pos=1&kwd=iron casting&tags=A|PL|||8211.142|Price|product|||SSlc|rsf:pl-|-res:RC4|ktp:N0|stype:attr=1|mtp:S|wc:2|qr_nm:gd|com-cf:nl|ptrs:na|mc:2310|cat:133|qry_typ:P|lang:en|flavl:0-2|cs:8789|v=4,Mumbai,"7, Bombay Wire Complex, I. B. Patel Road, Mumbai - 400063, Dist.Mumbai, Maharashtra",4.4,8046065011
Iron casting,"Aay Ess Powder Coating SGIronDuctileIronCasting, For Industrial",90,https://www.indiamart.com/proddetail/sg-iron-ductile-iron-casting-6755513512.html?pos=2&kwd=iron casting&tags=A||||8661.854|Price|product|||TS|rsf:gd-|-res:RC4|ktp:N0|stype:attr=1|mtp:S|wc:2|qr_nm:gd|com-cf:nl|ptrs:na|mc:2310|cat:133|qry_typ:P|lang:en|flavl:0-2|cs:8789|v=4|r=4,Aay Ess Casting,https://www.aayesscastings.com/?pos=2&kwd=iron casting&tags=A||||8661.854|Price|product|||TS|rsf:gd-|-res:RC4|ktp:N0|stype:attr=1|mtp:S|wc:2|qr_nm:gd|com-cf:nl|ptrs:na|mc:2310|cat:133|qry_typ:P|lang:en|flavl:0-2|cs:8789|v=4,Ludhiana,"Plot No. B-XXIX-536/49A, Industrial Area-C, Sua Road, Eastman Chowk, Ludhiana - 141014, Dist.Ludhiana, Punjab",4.3,8048613908
Iron casting,CastIronCI Castings for Industrial,65,https://www.indiamart.com/proddetail/ci-castings-for-industrial-17184632830.html?pos=3&kwd=iron casting&tags=A||||8601.347|Price|product|||TS|rsf:gd-|-res:RC4|ktp:N0|stype:attr=1|mtp:S|wc:2|qr_nm:gd|com-cf:nl|ptrs:na|mc:2310|cat:133|qry_typ:P|lang:en|flavl:0-2|cs:8789|v=4|r=4,Sumit Industries,https://www.sumit-industries.com/?pos=3&kwd=iron casting&tags=A||||8601.347|Price|product|||TS|rsf:gd-|-res:RC4|ktp:N0|stype:attr=1|mtp:S|wc:2|qr_nm:gd|com-cf:nl|ptrs:na|mc:2310|cat:133|qry_typ:P|lang:en|flavl:0-2|cs:8789|v=4,Jaipur,",E-784 A,ROAD NO. 13 V.K.I AREA,,, Jaipur - 302013, Dist.Jaipur, Rajasthan",4.1,8046038586
Iron casting,"CastIronCasting, Weight: 50 Kg",100,https://www.indiamart.com/proddetail/cast-iron-casting-2854772016088.html?pos=4&kwd=iron casting&tags=A||||8038.093|Price|product|||TS|rsf:gd-|-res:RC4|ktp:N0|stype:attr=1|mtp:S|wc:2|qr_nm:gd|com-cf:nl|ptrs:na|mc:2310|cat:133|qry_typ:P|lang:en|flavl:0-2|cs:8789|v=4|r=4,Horizon Metal Components,https://www.horizonmetals.in/?pos=4&kwd=iron casting&tags=A||||8038.093|Price|product|||TS|rsf:gd-|-res:RC4|ktp:N0|stype:attr=1|mtp:S|wc:2|qr_nm:gd|com-cf:nl|ptrs:na|mc:2310|cat:133|qry_typ:P|lang:en|flavl:0-2|cs:8789|v=4,Rajkot,"Plot 2/13, B/H Rolwell Forze Pvt Ltd, NR.Pardi PGVCL Kishan Cement Gate, Pardi, Rajkot - 360024, Dist.Rajkot, Gujarat",4.2,7942873681
Iron casting,GreyIronCastings,60,https://www.indiamart.com/proddetail/grey-iron-castings-11140577930.html?pos=5&kwd=iron casting&tags=A||||8228.275|Price|product|||TS|rsf:gd-|-res:RC4|ktp:N0|stype:attr=1|mtp:S|wc:2|qr_nm:gd|com-cf:nl|ptrs:na|mc:2310|cat:133|qry_typ:P|lang:en|flavl:0-2|cs:8789|v=4|r=4,Jatin Industries,https://www.indiamart.com/jatinindustries-gujarat/?pos=5&kwd=iron casting&tags=A||||8228.275|Price|product|||TS|rsf:gd-|-res:RC4|ktp:N0|stype:attr=1|mtp:S|wc:2|qr_nm:gd|com-cf:nl|ptrs:na|mc:2310|cat:133|qry_typ:P|lang:en|flavl:0-2|cs:8789|v=4,Ahmedabad,"No. 87/2B, GIDC, Phase 1, Vatva Industrial Estate Vatva, Ahmedabad - 382425, Dist.Ahmedabad, Gujarat",4.5,8048962399
Iron casting,"Gray Powder Coating SGIronCasting, Automotive Industry",110,https://www.indiamart.com/proddetail/sg-iron-casting-11434665688.html?pos=6&kwd=iron casting&tags=A||||8228.275|Price|product|||TS|rsf:gd-|-res:RC4|ktp:N0|stype:attr=1|mtp:S|wc:2|qr_nm:gd|com-cf:nl|ptrs:na|mc:2310|cat:133|qry_typ:P|lang:en|flavl:0-2|cs:8789|v=4|r=4,Raj Industries,https://www.rajcastindia.com/?pos=6&kwd=iron casting&tags=A||||8228.275|Price|product|||TS|rsf:gd-|-res:RC4|ktp:N0|stype:attr=1|mtp:S|wc:2|qr_nm:gd|com-cf:nl|ptrs:na|mc:2310|cat:133|qry_typ:P|lang:en|flavl:0-2|cs:8789|v=4,Ahmedabad,"No. 73, Anar Industrial Estate, Behind New Fruit Market, Naroda Road, Ahmedabad - 380025, Dist.Ahmedabad, Gujarat",4.6,8048618285
Iron casting,"SilverIronFittingcasting, Size: Standard",100,https://www.indiamart.com/proddetail/iron-fitting-casting-25974376512.html?pos=7&kwd=iron casting&tags=A||||8038.093|Price|product|||TS|rsf:gd-|-res:RC4|ktp:N0|stype:attr=1|mtp:S|wc:2|qr_nm:gd|com-cf:nl|ptrs:na|mc:2310|cat:133|qry_typ:P|lang:en|flavl:0-2|cs:8789|v=4|r=4,Rachana Engitech,https://www.rachanaengitech.in/?pos=7&kwd=iron casting&tags=A||||8038.093|Price|product|||TS|rsf:gd-|-res:RC4|ktp:N0|stype:attr=1|mtp:S|wc:2|qr_nm:gd|com-cf:nl|ptrs:na|mc:2310|cat:133|qry_typ:P|lang:en|flavl:0-2|cs:8789|v=4,Rajkot,"Ghanshyam Industrial Area, Street No. 4, Behind Hightech Tyre Virani Aghat, Dhebar Road, Rajkot - 360004, Dist.Rajkot, Gujarat",4.5,8047639262
Iron casting,"CastIronInduction motorcasting, For Industrial, Medium Pressure",80,https://www.indiamart.com/proddetail/induction-motor-casting-2850585008433.html?pos=8&kwd=iron casting&tags=A||||8038.093|Price|product|||TS|rsf:gd-|-res:RC4|ktp:N0|stype:attr=1|mtp:S|wc:2|qr_nm:gd|com-cf:nl|ptrs:na|mc:2310|cat:133|qry_typ:P|lang:en|flavl:0-2|cs:8789|v=4|r=3,Shree Technocast,https://www.indiamart.com/shree-technocast/?pos=8&kwd=iron casting&tags=A||||8038.093|Price|product|||TS|rsf:gd-|-res:RC4|ktp:N0|stype:attr=1|mtp:S|wc:2|qr_nm:gd|com-cf:nl|ptrs:na|mc:2310|cat:133|qry_typ:P|lang:en|flavl:0-2|cs:8789|v=4,Rajkot,"Servey No 473-475 Plot No 35 TA Kotada Sangani Rachana Industries Zone 1 Padvala, Rajkot - 360024, Dist.Rajkot, Gujarat",3,7942822980
Iron casting,"RM CastIronIronCasting, Capacity: 78 Ton Per Day",75,https://www.indiamart.com/proddetail/iron-casting-5736289055.html?pos=9&kwd=iron casting&tags=A||||8038.093|Price|product|||LSlc|rsf:gd-|-res:RC4|ktp:N0|stype:attr=1|mtp:S|wc:2|qr_nm:gd|com-cf:nl|ptrs:na|mc:2310|cat:133|qry_typ:P|lang:en|flavl:0-2|cs:8789|v=4|r=4,R.m. Engineering,https://www.rmengineering.co.in/?pos=9&kwd=iron casting&tags=A||||8038.093|Price|product|||LSlc|rsf:gd-|-res:RC4|ktp:N0|stype:attr=1|mtp:S|wc:2|qr_nm:gd|com-cf:nl|ptrs:na|mc:2310|cat:133|qry_typ:P|lang:en|flavl:0-2|cs:8789|v=4,Rajkot,"Survey No. 201 At - Bhunava, Tal - Gondal, Rajkot - 360311, Dist.Rajkot, Gujarat",4.7,8048969129
Iron casting,"Dark Silver Powder Coating SGIronCasting, For Industrial",95,https://www.indiamart.com/proddetail/sg-iron-casting-27548468488.html?pos=10&kwd=iron casting&tags=A||||8038.093|Price|product|||MDC|rsf:gd-|-res:RC4|ktp:N0|stype:attr=1|mtp:S|wc:2|qr_nm:gd|com-cf:nl|ptrs:na|mc:2310|cat:133|qry_typ:P|lang:en|flavl:0-2|cs:8789|v=4,Jeegar Technocast,https://www.indiamart.com/jeegar-technocast-shapar/?pos=10&kwd=iron casting&tags=A||||8038.093|Price|product|||MDC|rsf:gd-|-res:RC4|ktp:N0|stype:attr=1|mtp:S|wc:2|qr_nm:gd|com-cf:nl|ptrs:na|mc:2310|cat:133|qry_typ:P|lang:en|flavl:0-2|cs:8789|v=4,Rajkot,"Plot No 2/14 Bhumi Ind Area Arrow Techno Road Veraval Ta. Kotda Sangani Rajkot, Rajkot - 360024, Dist.Rajkot, Gujarat",No Rating,8047550887
Ductile iron,"DuctileIronFittings, Form: Tube",800,https://www.indiamart.com/proddetail/ductile-iron-fittings-16845251830.html?pos=1&kwd=ductile iron&tags=A||||9839.57|Price|product|||SSlc|rsf:gd-|-res:RC3|ktp:N0|stype:attr=1|mtp:S|wc:2|qr_nm:gd|com-cf:nl|ptrs:na|mc:6737|cat:134|qry_typ:P|lang:en|flavl:0-1|cs:8805|v=4|r=4,Kothari Enterprises Private Limited,https://www.indiamart.com/kotharienterprises/?pos=1&kwd=ductile iron&tags=A||||9839.57|Price|product|||SSlc|rsf:gd-|-res:RC3|ktp:N0|stype:attr=1|mtp:S|wc:2|qr_nm:gd|com-cf:nl|ptrs:na|mc:6737|cat:134|qry_typ:P|lang:en|flavl:0-1|cs:8805|v=4,Kolkata,"2-B,,Grant Lane,Bow Bazar, Kolkata - 700012, Dist.Kolkata, West Bengal",4,8047630819
Ductile iron,DuctileIronPipe Fittings,800,https://www.indiamart.com/proddetail/pipe-fittings-2853383204073.html?pos=2&kwd=ductile iron&tags=A||||8752.144|Price|product|||TS|rsf:gd-|-res:RC3|ktp:N0|stype:attr=1|mtp:S|wc:2|qr_nm:gd|com-cf:nl|ptrs:na|mc:6737|cat:134|qry_typ:P|lang:en|flavl:0-1|cs:8805|v=4|r=4,Supra Enterprise,https://www.supraenterprise.in/?pos=2&kwd=ductile iron&tags=A||||8752.144|Price|product|||TS|rsf:gd-|-res:RC3|ktp:N0|stype:attr=1|mtp:S|wc:2|qr_nm:gd|com-cf:nl|ptrs:na|mc:6737|cat:134|qry_typ:P|lang:en|flavl:0-1|cs:8805|v=4,New Delhi,"Office Number - 403, Building Number 32-33, Kusal Bazar, Nehru Place, South Delhi, New Delhi - 110019, Dist.New Delhi, Delhi",4.4,8048968636
Ductile iron,"Round DuctileIronPipe, Size: 1 inch",900,https://www.indiamart.com/proddetail/ductile-iron-pipe-13886072133.html?pos=4&kwd=ductile iron&tags=BA||||8746.929|Price|product|||TS|rsf:gd-|-res:RC3|ktp:N0|stype:attr=1|mtp:S|wc:2|qr_nm:gd|com-cf:nl|ptrs:na|mc:6737|cat:134|qry_typ:P|lang:en|flavl:0-1|cs:8805|v=4|r=4,Adhunik Enterprises,https://www.adhunikenterprises.com/?pos=4&kwd=ductile iron&tags=BA||||8746.929|Price|product|||TS|rsf:gd-|-res:RC3|ktp:N0|stype:attr=1|mtp:S|wc:2|qr_nm:gd|com-cf:nl|ptrs:na|mc:6737|cat:134|qry_typ:P|lang:en|flavl:0-1|cs:8805|v=4,Chandigarh,"Plot No. 219, Industrial Area, Phase 1 Near Hallomajra Chowk, Chandigarh - 160001, Dist.Chandigarh, Chandigarh",4.3,8048605762
Ductile iron,DuctileIronSpun Pipes,900,https://www.indiamart.com/proddetail/ductile-iron-spun-pipes-2853865626697.html?pos=5&kwd=ductile iron&tags=BA||||8559.269|Price|product|||TS|rsf:gd-|-res:RC3|ktp:N0|stype:attr=1|mtp:S|wc:2|qr_nm:gd|com-cf:nl|ptrs:na|mc:6737|cat:134|qry_typ:P|lang:en|flavl:0-1|cs:8805|v=4|r=4,Amritlal And Company,https://www.indiamart.com/amritlalandcompany/?pos=5&kwd=ductile iron&tags=BA||||8559.269|Price|product|||TS|rsf:gd-|-res:RC3|ktp:N0|stype:attr=1|mtp:S|wc:2|qr_nm:gd|com-cf:nl|ptrs:na|mc:6737|cat:134|qry_typ:P|lang:en|flavl:0-1|cs:8805|v=4,Indore,"87/1, Taradevi Road, Siyaganj, Indore - 452007, Dist.Indore, Madhya Pradesh",4.4,7942564069
Ductile iron,"Jindal DuctileIronSpun Pipes, For Utilities Water",900,https://www.indiamart.com/proddetail/ductile-iron-spun-pipes-2853596726273.html?pos=6&kwd=ductile iron&tags=BA||||8752.144|Price|product|||TS|rsf:gd-|-res:RC3|ktp:N0|stype:attr=1|mtp:S|wc:2|qr_nm:gd|com-cf:nl|ptrs:na|mc:6737|cat:134|qry_typ:P|lang:en|flavl:0-1|cs:8805|v=4|r=3,Orbit Tradex Pvt. Ltd.,https://www.orbittradex.co.in/?pos=6&kwd=ductile iron&tags=BA||||8752.144|Price|product|||TS|rsf:gd-|-res:RC3|ktp:N0|stype:attr=1|mtp:S|wc:2|qr_nm:gd|com-cf:nl|ptrs:na|mc:6737|cat:134|qry_typ:P|lang:en|flavl:0-1|cs:8805|v=4,New Delhi,"A- 75, J. F. F. Complex, Jhandewalan Flated Factory, New Delhi - 110055, Dist.New Delhi, Delhi",3.7,8046037092
Ductile iron,"DuctileironGrating With Frame, For Drainage",100,https://www.indiamart.com/proddetail/ductile-iron-grating-with-frame-23714282162.html?pos=9&kwd=ductile iron&tags=BA||||8038.093|Price|product|||TS|rsf:gd-|-res:RC3|ktp:N0|stype:attr=1|mtp:S|wc:2|qr_nm:gd|com-cf:nl|ptrs:na|mc:6737|cat:134|qry_typ:P|lang:en|flavl:0-1|cs:8805|v=4|r=4,Nexus Cast,https://www.indiamart.com/nexus-cast-rajkot/?pos=9&kwd=ductile iron&tags=BA||||8038.093|Price|product|||TS|rsf:gd-|-res:RC3|ktp:N0|stype:attr=1|mtp:S|wc:2|qr_nm:gd|com-cf:nl|ptrs:na|mc:6737|cat:134|qry_typ:P|lang:en|flavl:0-1|cs:8805|v=4,Rajkot,"Plot No 01 RSN 128, Gaurav Industrial Area, Opp Balaji Casting, Padavala, Rajkot - 360024, Dist.Rajkot, Gujarat",4.7,8046034541
Ductile iron,"DuctileIron, Form: Sheet",285,https://www.indiamart.com/proddetail/ductile-iron-2854531166762.html?pos=10&kwd=ductile iron&tags=BA||||8307.81|Price|product|||TS|rsf:gd-|-res:RC3|ktp:N0|stype:attr=1|mtp:S|wc:2|qr_nm:gd|com-cf:nl|ptrs:na|mc:6737|cat:134|qry_typ:P|lang:en|flavl:0-1|cs:8805|v=4|r=4,Rapid Drain Solutions Private Limited,https://www.indiamart.com/rapid-drain/?pos=10&kwd=ductile iron&tags=BA||||8307.81|Price|product|||TS|rsf:gd-|-res:RC3|ktp:N0|stype:attr=1|mtp:S|wc:2|qr_nm:gd|com-cf:nl|ptrs:na|mc:6737|cat:134|qry_typ:P|lang:en|flavl:0-1|cs:8805|v=4,Pune,"Gat No 767, Chikhali, Balghare Wasti Road, Pune - 411062, Dist.Pune, Maharashtra",4.1,8044012624
Sand casting,Medium Pressure Aluminium Sand Castings,110,https://www.indiamart.com/proddetail/aluminium-sand-castings-2853624225955.html?pos=1&kwd=sand casting&tags=A||||8228.275|Price|product|||TS|rsf:gd-|-qr_nm:gd|res:RC3|com-cf:nl|ptrs:na|ktp:N0|mc:2287|cat:133|mtp:S|qry_typ:P|lang:en|wc:2|flavl:0|cs:7530|v=4|r=4,Metloy Blast Tech,https://www.indiamart.com/metloy-blast-techahmedabad/?pos=1&kwd=sand casting&tags=A||||8228.275|Price|product|||TS|rsf:gd-|-qr_nm:gd|res:RC3|com-cf:nl|ptrs:na|ktp:N0|mc:2287|cat:133|mtp:S|qry_typ:P|lang:en|wc:2|flavl:0|cs:7530|v=4,Ahmedabad,"Kathwada, GIDC, Road No. 8, Plot No. 370, Ahmedabad - 382430, Dist.Ahmedabad, Gujarat",4.6,8048957256
Sand casting,Silver High Pressure Aluminum Sand Castings,270,https://www.indiamart.com/proddetail/aluminum-sand-castings-2851762905930.html?pos=2&kwd=sand casting&tags=A||||8038.093|Price|product|||TS|rsf:gd-|-qr_nm:gd|res:RC3|com-cf:nl|ptrs:na|ktp:N0|mc:2287|cat:133|mtp:S|qry_typ:P|lang:en|wc:2|flavl:0|cs:7530|v=4|r=4,Horizon Metal Components,https://www.horizonmetals.in/?pos=2&kwd=sand casting&tags=A||||8038.093|Price|product|||TS|rsf:gd-|-qr_nm:gd|res:RC3|com-cf:nl|ptrs:na|ktp:N0|mc:2287|cat:133|mtp:S|qry_typ:P|lang:en|wc:2|flavl:0|cs:7530|v=4,Rajkot,"Plot 2/13, B/H Rolwell Forze Pvt Ltd, NR.Pardi PGVCL Kishan Cement Gate, Pardi, Rajkot - 360024, Dist.Rajkot, Gujarat",4.2,7942873681
Sand casting,"Non Ferrous Gray Propeller Aluminium sand Casting, Inner Diameter: 10 mm",290,https://www.indiamart.com/proddetail/propeller-aluminium-sand-casting-21590645848.html?pos=3&kwd=sand casting&tags=A||||8234.609|Price|product|||TS|rsf:gd-|-qr_nm:gd|res:RC3|com-cf:nl|ptrs:na|ktp:N0|mc:2287|cat:133|mtp:S|qry_typ:P|lang:en|wc:2|flavl:0|cs:7530|v=4|r=5,Hi-Tech Foundry,https://www.indiamart.com/hitech-foundry-india/?pos=3&kwd=sand casting&tags=A||||8234.609|Price|product|||TS|rsf:gd-|-qr_nm:gd|res:RC3|com-cf:nl|ptrs:na|ktp:N0|mc:2287|cat:133|mtp:S|qry_typ:P|lang:en|wc:2|flavl:0|cs:7530|v=4,Valsad,"Survey No 282/B Gala No 3217 Nr Daman Ganaga Industrial Park Patiya Mora Karwad, Vapi, Valsad - 396191, Dist.Valsad, Gujarat",5,7942957483
Sand casting,Shell Casting Sand Casting,200,https://www.indiamart.com/proddetail/shell-casting-sand-casting-2851795629848.html?pos=4&kwd=sand casting&tags=A||||8307.81|Price|product|||TS|rsf:gd-|-qr_nm:gd|res:RC3|com-cf:nl|ptrs:na|ktp:N0|mc:2287|cat:133|mtp:S|qry_typ:P|lang:en|wc:2|flavl:0|cs:7530|v=4|r=4,Govind Foundry Works,https://www.indiamart.com/govindfoundryworks/?pos=4&kwd=sand casting&tags=A||||8307.81|Price|product|||TS|rsf:gd-|-qr_nm:gd|res:RC3|com-cf:nl|ptrs:na|ktp:N0|mc:2287|cat:133|mtp:S|qry_typ:P|lang:en|wc:2|flavl:0|cs:7530|v=4,Pune,"Pap-W-42,,Pun Md 18,Chakan, Pune - 410501, Dist.Pune, Maharashtra",4.6,8043857903
Sand casting,High Pressure Aluminum Sand Castings,350,https://www.indiamart.com/proddetail/aluminum-sand-castings-8028509591.html?pos=5&kwd=sand casting&tags=A||||8281.036|Price|product|||TS|rsf:gd-|-qr_nm:gd|res:RC3|com-cf:nl|ptrs:na|ktp:N0|mc:2287|cat:133|mtp:S|qry_typ:P|lang:en|wc:2|flavl:0|cs:7530|v=4|r=4,Meta Lab Engineers.,https://www.metalabengineers.co.in/?pos=5&kwd=sand casting&tags=A||||8281.036|Price|product|||TS|rsf:gd-|-qr_nm:gd|res:RC3|com-cf:nl|ptrs:na|ktp:N0|mc:2287|cat:133|mtp:S|qry_typ:P|lang:en|wc:2|flavl:0|cs:7530|v=4,Vadodara,"42-1, Meta Lab Engineers, GIDC Estate, Makarpura,, Vadodara - 390010, Dist.Vadodara, Gujarat",4.4,8048986432
Sand casting,S G IRON Black Sand Castings FOR AGRICULTURE PARTS,100,https://www.indiamart.com/proddetail/sand-castings-for-agriculture-parts-2850624650973.html?pos=7&kwd=sand casting&tags=A||||8661.854|Price|product|||TS|rsf:gd-|-qr_nm:gd|res:RC3|com-cf:nl|ptrs:na|ktp:N0|mc:2287|cat:133|mtp:S|qry_typ:P|lang:en|wc:2|flavl:0|cs:7530|v=4|r=4,Aay Ess Casting,https://www.aayesscastings.com/?pos=7&kwd=sand casting&tags=A||||8661.854|Price|product|||TS|rsf:gd-|-qr_nm:gd|res:RC3|com-cf:nl|ptrs:na|ktp:N0|mc:2287|cat:133|mtp:S|qry_typ:P|lang:en|wc:2|flavl:0|cs:7530|v=4,Ludhiana,"Plot No. B-XXIX-536/49A, Industrial Area-C, Sua Road, Eastman Chowk, Ludhiana - 141014, Dist.Ludhiana, Punjab",4.3,8048613908
Sand casting,Stainless Steel Medium Pressure S.s. Sand Casting,150,https://www.indiamart.com/proddetail/s-s-sand-casting-2855204023355.html?pos=8&kwd=sand casting&tags=A||||8211.142|Price|product|||TS|rsf:gd-|-qr_nm:gd|res:RC3|com-cf:nl|ptrs:na|ktp:N0|mc:2287|cat:133|mtp:S|qry_typ:P|lang:en|wc:2|flavl:0|cs:7530|v=4|r=3,AMF Castings And Engineering,https://www.indiamart.com/amfcastings/?pos=8&kwd=sand casting&tags=A||||8211.142|Price|product|||TS|rsf:gd-|-qr_nm:gd|res:RC3|com-cf:nl|ptrs:na|ktp:N0|mc:2287|cat:133|mtp:S|qry_typ:P|lang:en|wc:2|flavl:0|cs:7530|v=4,Mumbai,"1st Floor,, 4, Nand Bhuvan, Bajaj Road, Vileparle West, Mumbai - 400056, Dist.Mumbai, Maharashtra",3.6,8047646540
Sand casting,Grey Medium Pressure Rotor Sand Casting,95,https://www.indiamart.com/proddetail/rotor-sand-casting-7889335848.html?pos=9&kwd=sand casting&tags=A||||8038.093|Price|product|||TS|rsf:gd-|-qr_nm:gd|res:RC3|com-cf:nl|ptrs:na|ktp:N0|mc:2287|cat:133|mtp:S|qry_typ:P|lang:en|wc:2|flavl:0|cs:7530|v=4|r=4,Poonam Metals,https://www.poonammetals.co.in/?pos=9&kwd=sand casting&tags=A||||8038.093|Price|product|||TS|rsf:gd-|-qr_nm:gd|res:RC3|com-cf:nl|ptrs:na|ktp:N0|mc:2287|cat:133|mtp:S|qry_typ:P|lang:en|wc:2|flavl:0|cs:7530|v=4,Rajkot,"POONAM METALS Metoda, G. I. D. C., Plot No. G-1330, Opposite Kishan Auto Kishan Gate No. 6, Kalawad Road, Rajkot - 360021, Dist.Rajkot, Gujarat",4.7,8048619268
Sand casting,Sand Castings,85,https://www.indiamart.com/proddetail/sand-castings-2851737158430.html?pos=10&kwd=sand casting&tags=A||||8038.093|Price|product|||MDC|rsf:gd-|-qr_nm:gd|res:RC3|com-cf:nl|ptrs:na|ktp:N0|mc:2287|cat:133|mtp:S|qry_typ:P|lang:en|wc:2|flavl:0|cs:7530|v=4|r=4,Vishwaraj Engineering,https://www.indiamart.com/vishwaraj-engineering-rajkot/?pos=10&kwd=sand casting&tags=A||||8038.093|Price|product|||MDC|rsf:gd-|-qr_nm:gd|res:RC3|com-cf:nl|ptrs:na|ktp:N0|mc:2287|cat:133|mtp:S|qry_typ:P|lang:en|wc:2|flavl:0|cs:7530|v=4,Rajkot,"Shop No 404, Aradhana Complex, Kenal Road, Rajkot - 360002, Dist.Rajkot, Gujarat",4.5,7942533744
Low pressure casting,Aluminium DieCastingfor Industrial,200,https://www.indiamart.com/proddetail/aluminium-die-casting-1849968862.html?pos=2&kwd=low pressure casting&tags=||||8211.142|Price|product|||TS|rsf:gd-|-res:RC3|ktp:N0|stype:attr=1|mtp:S|wc:3|qr_nm:gd|com-cf:nl|ptrs:na|mc:32388|cat:133|qry_typ:P|lang:en|flavl:0|cs:8760|v=4|r=4,Shubh Castings,https://www.shubhcastings.in/?pos=2&kwd=low pressure casting&tags=||||8211.142|Price|product|||TS|rsf:gd-|-res:RC3|ktp:N0|stype:attr=1|mtp:S|wc:3|qr_nm:gd|com-cf:nl|ptrs:na|mc:32388|cat:133|qry_typ:P|lang:en|flavl:0|cs:8760|v=4,Mumbai,"C14/15, Dhumal Nagar, Near Bapa Sitaram, Waliv, Mumbai - 401208, Dist.Mumbai, Maharashtra",4.3,8046057321
Low pressure casting,"Carbon Steel Ball ValveCasting,Low Pressure",125,https://www.indiamart.com/proddetail/ball-valve-casting-6592878255.html?pos=3&kwd=low pressure casting&tags=||||8228.275|Price|product|||TS|rsf:gd-|-res:RC3|ktp:N0|stype:attr=1|mtp:S|wc:3|qr_nm:gd|com-cf:nl|ptrs:na|mc:32388|cat:133|qry_typ:P|lang:en|flavl:0|cs:8760|v=4|r=4,Taurus Technocast,https://www.taurustechnocast.in/?pos=3&kwd=low pressure casting&tags=||||8228.275|Price|product|||TS|rsf:gd-|-res:RC3|ktp:N0|stype:attr=1|mtp:S|wc:3|qr_nm:gd|com-cf:nl|ptrs:na|mc:32388|cat:133|qry_typ:P|lang:en|flavl:0|cs:8760|v=4,Ahmedabad,"402/d, Shiromani, Opp. Ocean Park, Satellite Road, Ahmedabad, Ahmedabad - 380015, Dist.Ahmedabad, Gujarat",4.3,8047638982
Low pressure casting,"Aluminium Moulding Press Motor BodyCasting,Low Pressure",200,https://www.indiamart.com/proddetail/motor-body-casting-2853886866248.html?pos=4&kwd=low pressure casting&tags=||||8938.129|Price|product|||TS|rsf:gd-|-res:RC3|ktp:N0|stype:attr=1|mtp:S|wc:3|qr_nm:gd|com-cf:nl|ptrs:na|mc:32388|cat:133|qry_typ:P|lang:en|flavl:0|cs:8760|v=4|r=4,AaRyeM Exports,https://www.aaryemexports.com/?pos=4&kwd=low pressure casting&tags=||||8938.129|Price|product|||TS|rsf:gd-|-res:RC3|ktp:N0|stype:attr=1|mtp:S|wc:3|qr_nm:gd|com-cf:nl|ptrs:na|mc:32388|cat:133|qry_typ:P|lang:en|flavl:0|cs:8760|v=4,Gummidipoondi,"34/35, Raman Nagar, Pudupettai Village, Gummidipoondi - 601201, Dist.Tiruvallur, Tamil Nadu",4.2,8046033452
Low pressure casting,"Moulding Press Electric MotorCasting,Low Pressure",500,https://www.indiamart.com/proddetail/electric-motor-casting-2851955252173.html?pos=5&kwd=low pressure casting&tags=||||8038.093|Price|product|||TS|rsf:gd-|-res:RC3|ktp:N0|stype:attr=1|mtp:S|wc:3|qr_nm:gd|com-cf:nl|ptrs:na|mc:32388|cat:133|qry_typ:P|lang:en|flavl:0|cs:8760|v=4,Make Me Furniture Exports,https://www.indiamart.com/make-me-furniture-exports/?pos=5&kwd=low pressure casting&tags=||||8038.093|Price|product|||TS|rsf:gd-|-res:RC3|ktp:N0|stype:attr=1|mtp:S|wc:3|qr_nm:gd|com-cf:nl|ptrs:na|mc:32388|cat:133|qry_typ:P|lang:en|flavl:0|cs:8760|v=4,Rajkot,"Rangila Park-2, Har Bhole Pan Street Block No.160, Opp. Shyam Hall, 40 Feet Road, Rajkot - 360002, Dist.Rajkot, Gujarat",No Rating,8047530630
Low pressure casting,AluminumLow PressureDieCasting,650,https://www.indiamart.com/proddetail/low-pressure-die-casting-14794479462.html?pos=6&kwd=low pressure casting&tags=||||8038.093|Price|product|||TS|rsf:gd-|-res:RC3|ktp:N0|stype:attr=1|mtp:S|wc:3|qr_nm:gd|com-cf:nl|ptrs:na|mc:32388|cat:133|qry_typ:P|lang:en|flavl:0|cs:8760|v=4|r=4,Anant Metal,https://www.anantmetal.in/?pos=6&kwd=low pressure casting&tags=||||8038.093|Price|product|||TS|rsf:gd-|-res:RC3|ktp:N0|stype:attr=1|mtp:S|wc:3|qr_nm:gd|com-cf:nl|ptrs:na|mc:32388|cat:133|qry_typ:P|lang:en|flavl:0|cs:8760|v=4,Rajkot,"Survey No.137/1 P/3, Plot No.44, Sardar Ind. Area, Padvala, Shapur, Rajkot - 360024, Dist.Rajkot, Gujarat",4.9,8048954822
Low pressure casting,"Cast IronLow PressureCI IndustrialCasting, Capacity: 1.5 Ton",80,https://www.indiamart.com/proddetail/ci-industrial-casting-2398348891.html?pos=7&kwd=low pressure casting&tags=||||8038.093|Price|product|||TS|rsf:gd-|-res:RC3|ktp:N0|stype:attr=1|mtp:S|wc:3|qr_nm:gd|com-cf:nl|ptrs:na|mc:32388|cat:133|qry_typ:P|lang:en|flavl:0|cs:8760|v=4|r=4,Amazone Castings & Engineering Private Limited,https://www.amazonecastings.com/?pos=7&kwd=low pressure casting&tags=||||8038.093|Price|product|||TS|rsf:gd-|-res:RC3|ktp:N0|stype:attr=1|mtp:S|wc:3|qr_nm:gd|com-cf:nl|ptrs:na|mc:32388|cat:133|qry_typ:P|lang:en|flavl:0|cs:8760|v=4,Rajkot,"Plot No. 52, Survey No. 126, N. H. 8- B, Shantidham Veraval-Shapar District, Rajkot - 360024, Dist.Rajkot, Gujarat",4.5,8048957003
Low pressure casting,Aluminum AluminiumLow PressureDieCasting,200,https://www.indiamart.com/proddetail/aluminium-low-pressure-die-casting-2853501962188.html?pos=10&kwd=low pressure casting&tags=||||8038.093|Price|product|||TS|rsf:gd-|-res:RC3|ktp:N0|stype:attr=1|mtp:S|wc:3|qr_nm:gd|com-cf:nl|ptrs:na|mc:32388|cat:133|qry_typ:P|lang:en|flavl:0|cs:8760|v=4|r=4,Horizon Metal Components,https://www.horizonmetals.in/?pos=10&kwd=low pressure casting&tags=||||8038.093|Price|product|||TS|rsf:gd-|-res:RC3|ktp:N0|stype:attr=1|mtp:S|wc:3|qr_nm:gd|com-cf:nl|ptrs:na|mc:32388|cat:133|qry_typ:P|lang:en|flavl:0|cs:8760|v=4,Rajkot,"Plot 2/13, B/H Rolwell Forze Pvt Ltd, NR.Pardi PGVCL Kishan Cement Gate, Pardi, Rajkot - 360024, Dist.Rajkot, Gujarat",4.2,7942873681
Gravity casting,Aluminum AluminiumGravityDie Castings,400,https://www.indiamart.com/proddetail/aluminium-gravity-die-castings-2853710532130.html?pos=1&kwd=gravity casting&tags=A||||8210.732|Price|product|||TS|rsf:gd-|-res:RC3|ktp:N0|stype:attr=1|mtp:S|wc:2|qr_nm:gd|com-cf:nl|ptrs:na|mc:11131|cat:133|qry_typ:S|lang:en|flavl:0|cs:8745|v=4|r=5,Super Cast Founders & Engineers,https://www.supercast.net/?pos=1&kwd=gravity casting&tags=A||||8210.732|Price|product|||TS|rsf:gd-|-res:RC3|ktp:N0|stype:attr=1|mtp:S|wc:2|qr_nm:gd|com-cf:nl|ptrs:na|mc:11131|cat:133|qry_typ:S|lang:en|flavl:0|cs:8745|v=4,Vasai,"Gala 10/19, Oberoi Industrial Estate, Chinchpada, Waliv Road, Vasai - 401208, Dist.Palghar, Maharashtra",5,8048601580
Gravity casting,AluminiumGravityDie Casting,300,https://www.indiamart.com/proddetail/gravity-die-casting-2851620111648.html?pos=2&kwd=gravity casting&tags=A||||8038.093|Price|product|||TS|rsf:gd-|-res:RC3|ktp:N0|stype:attr=1|mtp:S|wc:2|qr_nm:gd|com-cf:nl|ptrs:na|mc:11131|cat:133|qry_typ:S|lang:en|flavl:0|cs:8745|v=4|r=4,Horizon Metal Components,https://www.horizonmetals.in/?pos=2&kwd=gravity casting&tags=A||||8038.093|Price|product|||TS|rsf:gd-|-res:RC3|ktp:N0|stype:attr=1|mtp:S|wc:2|qr_nm:gd|com-cf:nl|ptrs:na|mc:11131|cat:133|qry_typ:S|lang:en|flavl:0|cs:8745|v=4,Rajkot,"Plot 2/13, B/H Rolwell Forze Pvt Ltd, NR.Pardi PGVCL Kishan Cement Gate, Pardi, Rajkot - 360024, Dist.Rajkot, Gujarat",4.2,7942873681
Gravity casting,AluminumGravityDie Casting,300,https://www.indiamart.com/proddetail/gravity-die-casting-2853588770033.html?pos=3&kwd=gravity casting&tags=A||||8281.036|Price|product|||TS|rsf:gd-|-res:RC3|ktp:N0|stype:attr=1|mtp:S|wc:2|qr_nm:gd|com-cf:nl|ptrs:na|mc:11131|cat:133|qry_typ:S|lang:en|flavl:0|cs:8745|v=4|r=4,Meta Lab Engineers.,https://www.metalabengineers.co.in/?pos=3&kwd=gravity casting&tags=A||||8281.036|Price|product|||TS|rsf:gd-|-res:RC3|ktp:N0|stype:attr=1|mtp:S|wc:2|qr_nm:gd|com-cf:nl|ptrs:na|mc:11131|cat:133|qry_typ:S|lang:en|flavl:0|cs:8745|v=4,Vadodara,"42-1, Meta Lab Engineers, GIDC Estate, Makarpura,, Vadodara - 390010, Dist.Vadodara, Gujarat",4.4,8048986432
Gravity casting,"AluminiumGravityCasting, for Machinery Parts",100,https://www.indiamart.com/proddetail/gravity-casting-21087184633.html?pos=4&kwd=gravity casting&tags=BB||||8663.873|Price|product|||TS|rsf:gd-|-res:RC3|ktp:N0|stype:attr=1|mtp:S|wc:2|qr_nm:gd|com-cf:nl|ptrs:na|mc:11131|cat:133|qry_typ:S|lang:en|flavl:0|cs:8745|v=4|r=5,NAT Systems,https://www.indiamart.com/natsystems/?pos=4&kwd=gravity casting&tags=BB||||8663.873|Price|product|||TS|rsf:gd-|-res:RC3|ktp:N0|stype:attr=1|mtp:S|wc:2|qr_nm:gd|com-cf:nl|ptrs:na|mc:11131|cat:133|qry_typ:S|lang:en|flavl:0|cs:8745|v=4,Bengaluru,"V/49/2,,9TH MAIN ROAD,2ND STAGE PEENYA, Bengaluru - 560058, Dist.Bengaluru, Karnataka",5,8048987408
Gravity casting,GravityCasting,100,https://www.indiamart.com/proddetail/gravity-casting-2853964158697.html?pos=5&kwd=gravity casting&tags=BA||||8038.093|Price|product|||TS|rsf:gd-|-res:RC3|ktp:N0|stype:attr=1|mtp:S|wc:2|qr_nm:gd|com-cf:nl|ptrs:na|mc:11131|cat:133|qry_typ:S|lang:en|flavl:0|cs:8745|v=4|r=2,Anjaney Cast,https://www.indiamart.com/anjaneycast/?pos=5&kwd=gravity casting&tags=BA||||8038.093|Price|product|||TS|rsf:gd-|-res:RC3|ktp:N0|stype:attr=1|mtp:S|wc:2|qr_nm:gd|com-cf:nl|ptrs:na|mc:11131|cat:133|qry_typ:S|lang:en|flavl:0|cs:8745|v=4,Rajkot,"Plot No.1, Survey No. 28,Shivam Ind. Estate,Beh. Krishna Park, Gondal Road, Rajkot - 360002, Dist.Rajkot, Gujarat",2.9,8046065813
Gravity casting,Aluminum LM6 AluminiumGravityDie Casting,375,https://www.indiamart.com/proddetail/lm6-aluminium-gravity-die-casting-8883135362.html?pos=7&kwd=gravity casting&tags=A||||8769.508|Price|product|||MDC|rsf:gd-|-res:RC3|ktp:N0|stype:attr=1|mtp:S|wc:2|qr_nm:gd|com-cf:nl|ptrs:na|mc:11131|cat:133|qry_typ:S|lang:en|flavl:0|cs:8745|v=4,Super Bearing Alluminium Alloys,https://www.indiamart.com/superbearingalluminiumalloys/?pos=7&kwd=gravity casting&tags=A||||8769.508|Price|product|||MDC|rsf:gd-|-res:RC3|ktp:N0|stype:attr=1|mtp:S|wc:2|qr_nm:gd|com-cf:nl|ptrs:na|mc:11131|cat:133|qry_typ:S|lang:en|flavl:0|cs:8745|v=4,Faridabad,"Plot No.9, Phase 1, S.M.I.E, 20/2, Mathura Road, Faridabad - 121006, Dist.Faridabad, Haryana",No Rating,8048971738
Gravity casting,"Aluminium TerminalGravityDie Castings, For Industrial",230,https://www.indiamart.com/proddetail/aluminium-terminal-gravity-die-castings-21700523812.html?pos=8&kwd=gravity casting&tags=||||8307.81|Price|product|||TS|rsf:gd-|-res:RC3|ktp:N0|stype:attr=1|mtp:S|wc:2|qr_nm:gd|com-cf:nl|ptrs:na|mc:11131|cat:133|qry_typ:S|lang:en|flavl:0|cs:8745|v=4|r=4,Sairam Aluminium Components Private Limited,https://www.indiamart.com/sairamaluminiumcomponents/?pos=8&kwd=gravity casting&tags=||||8307.81|Price|product|||TS|rsf:gd-|-res:RC3|ktp:N0|stype:attr=1|mtp:S|wc:2|qr_nm:gd|com-cf:nl|ptrs:na|mc:11131|cat:133|qry_typ:S|lang:en|flavl:0|cs:8745|v=4,Pune,"Survey No. 125, Flat No. 306, B Wing, Renuka Tulsi Building, Walhekarwadi, CH S.no. 125, Flat No 306, B Wing, Renuka, Pune - 411033, Dist.Pune, Maharashtra",4,8048986501
Gravity casting,Aluminium LEDGRAVITYDIE CASTING,300,https://www.indiamart.com/proddetail/led-gravity-die-casting-2851323765312.html?pos=9&kwd=gravity casting&tags=BA||||8211.142|Price|product|||MDC|rsf:gd-|-res:RC3|ktp:N0|stype:attr=1|mtp:S|wc:2|qr_nm:gd|com-cf:nl|ptrs:na|mc:11131|cat:133|qry_typ:S|lang:en|flavl:0|cs:8745|v=4,Rajesh Metal Corporation,https://www.indiamart.com/rajeshmetalcorporation/?pos=9&kwd=gravity casting&tags=BA||||8211.142|Price|product|||MDC|rsf:gd-|-res:RC3|ktp:N0|stype:attr=1|mtp:S|wc:2|qr_nm:gd|com-cf:nl|ptrs:na|mc:11131|cat:133|qry_typ:S|lang:en|flavl:0|cs:8745|v=4,Mumbai,"Yadav Nagar Gala No.1, Mohan Vishwakarma Chawl, Khairani Road, Sakinaka, Mumbai - 400072, Dist.Mumbai, Maharashtra",No Rating,7942637893
Gravity casting,"AluminiumGravityDie Casting, For Industrial, Packaging Type: Box",400,https://www.indiamart.com/proddetail/gravity-die-casting-25152747748.html?pos=10&kwd=gravity casting&tags=A||||8769.508|Price|product|||TS|rsf:gd-|-res:RC3|ktp:N0|stype:attr=1|mtp:S|wc:2|qr_nm:gd|com-cf:nl|ptrs:na|mc:11131|cat:133|qry_typ:S|lang:en|flavl:0|cs:8745|v=4|r=5,Rajendra Industries,https://www.rajendraindustries.net.in/?pos=10&kwd=gravity casting&tags=A||||8769.508|Price|product|||TS|rsf:gd-|-res:RC3|ktp:N0|stype:attr=1|mtp:S|wc:2|qr_nm:gd|com-cf:nl|ptrs:na|mc:11131|cat:133|qry_typ:S|lang:en|flavl:0|cs:8745|v=4,Faridabad,"Plot No. 33, Village Jajru, Ballabgrah, Faridabad - 121004, Dist.Faridabad, Haryana",5,8046039696
Cold forging,"Mild Steel (MS) Cold Forged And Formed Components Manufacturers in India, For Industrial",30,https://www.indiamart.com/proddetail/cold-forged-and-formed-components-manufacturers-2850951187488.html?pos=2&kwd=cold forging&tags=A||||8038.093|Price|product|||TS|rsf:gd-|-res:RC3|ktp:N0|stype:attr=1|mtp:S|wc:2|qr_nm:gd|com-cf:nl|ptrs:na|mc:24259|cat:100|qry_typ:P|lang:en|flavl:0|cs:8751|v=4|r=4,MNC International,https://www.mncexport.com/?pos=2&kwd=cold forging&tags=A||||8038.093|Price|product|||TS|rsf:gd-|-res:RC3|ktp:N0|stype:attr=1|mtp:S|wc:2|qr_nm:gd|com-cf:nl|ptrs:na|mc:24259|cat:100|qry_typ:P|lang:en|flavl:0|cs:8751|v=4,Rajkot,"E 101, First Floor, Serenity Garden, Kalavad Marg, Rajkot - 360005, Dist.Rajkot, Gujarat",4.8,8047653986
Cold forging,Cold Forged Components,26,https://www.indiamart.com/proddetail/cold-forged-components-25954513448.html?pos=4&kwd=cold forging&tags=A||||8038.093|Price|product|||TS|rsf:gd-|-res:RC3|ktp:N0|stype:attr=1|mtp:S|wc:2|qr_nm:gd|com-cf:nl|ptrs:na|mc:24259|cat:100|qry_typ:P|lang:en|flavl:0|cs:8751|v=4|r=4,Madhav Industries,https://www.madhavind.net/?pos=4&kwd=cold forging&tags=A||||8038.093|Price|product|||TS|rsf:gd-|-res:RC3|ktp:N0|stype:attr=1|mtp:S|wc:2|qr_nm:gd|com-cf:nl|ptrs:na|mc:24259|cat:100|qry_typ:P|lang:en|flavl:0|cs:8751|v=4,Rajkot,"Ground Area, Shed No. 15-16, G-505/4, Gidc Lodhika, Kalawad Road, Lodhika Gidc, Rajkot - 360021, Dist.Rajkot, Gujarat",4.3,8048605398
Cold forging,"Mild Steel Automotive Cap ColdForgingPart, For Automobile Industry",55,https://www.indiamart.com/proddetail/mild-steel-automotive-cap-cold-forging-part-25924838612.html?pos=5&kwd=cold forging&tags=A||||8661.854|Price|product|||MDC|rsf:gd-|-res:RC3|ktp:N0|stype:attr=1|mtp:S|wc:2|qr_nm:gd|com-cf:nl|ptrs:na|mc:24259|cat:100|qry_typ:P|lang:en|flavl:0|cs:8751|v=4|r=4,Shakti Industries,https://www.indiamart.com/shakti-industriesludhiana/?pos=5&kwd=cold forging&tags=A||||8661.854|Price|product|||MDC|rsf:gd-|-res:RC3|ktp:N0|stype:attr=1|mtp:S|wc:2|qr_nm:gd|com-cf:nl|ptrs:na|mc:24259|cat:100|qry_typ:P|lang:en|flavl:0|cs:8751|v=4,Ludhiana,"F-314, Phase VIII, Focal Point, Ludhiana - 141010, Dist.Ludhiana, Punjab",4.7,8048972565
Cold forging,"Mild Steel Cold Forged Collar Cup, Size: 5.5 Inch, Shape: Round",25,https://www.indiamart.com/proddetail/cold-forged-collar-cup-20893758162.html?pos=6&kwd=cold forging&tags=BA||||8661.854|Price|product|||TS|rsf:gd-|-res:RC3|ktp:N0|stype:attr=1|mtp:S|wc:2|qr_nm:gd|com-cf:nl|ptrs:na|mc:24259|cat:100|qry_typ:P|lang:en|flavl:0|cs:8751|v=4|r=4,Vineet Industries,https://www.vineetindustries.com/?pos=6&kwd=cold forging&tags=BA||||8661.854|Price|product|||TS|rsf:gd-|-res:RC3|ktp:N0|stype:attr=1|mtp:S|wc:2|qr_nm:gd|com-cf:nl|ptrs:na|mc:24259|cat:100|qry_typ:P|lang:en|flavl:0|cs:8751|v=4,Ludhiana,"F-315,, Focal Point, Phase-viii, Ludhiana - 141010, Dist.Ludhiana, Punjab",4.8,8047638543
Cold forging,Cold Forgings,54,https://www.indiamart.com/proddetail/cold-forgings-25465548355.html?pos=8&kwd=cold forging&tags=A||||8236.301|Price|product|||TS|rsf:gd-|-res:RC3|ktp:N0|stype:attr=1|mtp:S|wc:2|qr_nm:gd|com-cf:nl|ptrs:na|mc:24259|cat:100|qry_typ:P|lang:en|flavl:0|cs:8751|v=4|r=3,Krishna Copper Limited,https://www.groupkrishna.com/?pos=8&kwd=cold forging&tags=A||||8236.301|Price|product|||TS|rsf:gd-|-res:RC3|ktp:N0|stype:attr=1|mtp:S|wc:2|qr_nm:gd|com-cf:nl|ptrs:na|mc:24259|cat:100|qry_typ:P|lang:en|flavl:0|cs:8751|v=4,Pardi,"A2/32-33, Gidc Industrial Estate Killa Pardi, Gidc Killa Pardi Behind Hotel Fountain, Killa Pardi, Pardi - 396125, Dist.Valsad, Gujarat",3.8,8048988853
Cold forging,"Polished ColdForgingBall Stud, For Automobile Industry",33,https://www.indiamart.com/proddetail/cold-forging-ball-stud-12439319673.html?pos=9&kwd=cold forging&tags=BA||||8769.508|Price|product|||MDC|rsf:gd-|-res:RC3|ktp:N0|stype:attr=1|mtp:S|wc:2|qr_nm:gd|com-cf:nl|ptrs:na|mc:24259|cat:100|qry_typ:P|lang:en|flavl:0|cs:8751|v=4|r=3,Kapur Fasteners Private Limited,https://www.indiamart.com/kapurfasteners/?pos=9&kwd=cold forging&tags=BA||||8769.508|Price|product|||MDC|rsf:gd-|-res:RC3|ktp:N0|stype:attr=1|mtp:S|wc:2|qr_nm:gd|com-cf:nl|ptrs:na|mc:24259|cat:100|qry_typ:P|lang:en|flavl:0|cs:8751|v=4,Faridabad,"Sector 25 Road, Krishna Colony, Ballabhgarh, Faridabad - 121004, Dist.Faridabad, Haryana",3.3,8046049295
Cold forging,"Round ColdForgingParts, For Automobile Industry",200,https://www.indiamart.com/proddetail/cold-forging-parts-21719784433.html?pos=10&kwd=cold forging&tags=BA||||8307.81|Price|product|||TS|rsf:gd-|-res:RC3|ktp:N0|stype:attr=1|mtp:S|wc:2|qr_nm:gd|com-cf:nl|ptrs:na|mc:24259|cat:100|qry_typ:P|lang:en|flavl:0|cs:8751|v=4|r=5,Nu Way Industries Private Limited,https://www.nuwayindustries.co.in/?pos=10&kwd=cold forging&tags=BA||||8307.81|Price|product|||TS|rsf:gd-|-res:RC3|ktp:N0|stype:attr=1|mtp:S|wc:2|qr_nm:gd|com-cf:nl|ptrs:na|mc:24259|cat:100|qry_typ:P|lang:en|flavl:0|cs:8751|v=4,Pune,"Plot No. 612 & 613, Radhika Industrial Estate Valu Phata, Pune Satara Road, Taluka Bhor, Pune - 412205, Dist.Pune, Maharashtra",5,8048602540
Hot forging,MultipleHot ForgingParts,30,https://www.indiamart.com/proddetail/hot-forging-parts-24148532748.html?pos=1&kwd=hot forging&tags=A||||8032.138|Price|product|||TS|rsf:gd-|-res:RC3|ktp:N0|stype:attr=1|mtp:S|wc:2|qr_nm:gd|com-cf:nl|ptrs:na|mc:135592|cat:100|qry_typ:P|lang:en|flavl:0|cs:8802|v=4|r=4,Real Techno Forge,https://www.realtechnoforge.com/?pos=1&kwd=hot forging&tags=A||||8032.138|Price|product|||TS|rsf:gd-|-res:RC3|ktp:N0|stype:attr=1|mtp:S|wc:2|qr_nm:gd|com-cf:nl|ptrs:na|mc:135592|cat:100|qry_typ:P|lang:en|flavl:0|cs:8802|v=4,Gondal,"-, ., Ribda, Gondal - 360311, Dist.Rajkot, Gujarat",4.2,8046049839
Hot forging,"Hot Forgings, For Automobile Industry",100,https://www.indiamart.com/proddetail/hot-forgings-4302938997.html?pos=2&kwd=hot forging&tags=A||||8755.542|Price|product|||TS|rsf:gd-|-res:RC3|ktp:N0|stype:attr=1|mtp:S|wc:2|qr_nm:gd|com-cf:nl|ptrs:na|mc:135592|cat:100|qry_typ:P|lang:en|flavl:0|cs:8802|v=4|r=3,Progressive Gear Industries Private Limited,https://www.forgingmachining.com/?pos=2&kwd=hot forging&tags=A||||8755.542|Price|product|||TS|rsf:gd-|-res:RC3|ktp:N0|stype:attr=1|mtp:S|wc:2|qr_nm:gd|com-cf:nl|ptrs:na|mc:135592|cat:100|qry_typ:P|lang:en|flavl:0|cs:8802|v=4,Kundli,"Plot No. 300L, EPIP Industrial Estate Sector 53, Kundli - 131028, Dist.Sonipat, Haryana",3.8,8046057891
Hot forging,"Mild Steel (MS)Hot ForgingParts, For Automobile Industry",120,https://www.indiamart.com/proddetail/hot-forging-parts-27161828133.html?pos=3&kwd=hot forging&tags=A||||8307.81|Price|product|||TS|rsf:gd-|-res:RC3|ktp:N0|stype:attr=1|mtp:S|wc:2|qr_nm:gd|com-cf:nl|ptrs:na|mc:135592|cat:100|qry_typ:P|lang:en|flavl:0|cs:8802|v=4|r=4,Majestic Forge And Fittings,https://www.majesticforgefittings.com/?pos=3&kwd=hot forging&tags=A||||8307.81|Price|product|||TS|rsf:gd-|-res:RC3|ktp:N0|stype:attr=1|mtp:S|wc:2|qr_nm:gd|com-cf:nl|ptrs:na|mc:135592|cat:100|qry_typ:P|lang:en|flavl:0|cs:8802|v=4,Pune,"Shop No. 3, Shreeji Complex, Majestic Forge And Fittings, Plot No. P Telco Road, MIDC, Bhosari, Pune - 411026, Dist.Pune, Maharashtra",4.5,7942538437
Hot forging,"Stainless Steel (SS) AutomotiveHot ForgingParts, For Automobile Industry",22,https://www.indiamart.com/proddetail/automotive-hot-forging-parts-2855251442433.html?pos=4&kwd=hot forging&tags=BA||||8038.093|Price|product|||MDC|rsf:gd-|-res:RC3|ktp:N0|stype:attr=1|mtp:S|wc:2|qr_nm:gd|com-cf:nl|ptrs:na|mc:135592|cat:100|qry_typ:P|lang:en|flavl:0|cs:8802|v=4|r=4,Arena Industries,https://www.indiamart.com/arenaindustries/?pos=4&kwd=hot forging&tags=BA||||8038.093|Price|product|||MDC|rsf:gd-|-res:RC3|ktp:N0|stype:attr=1|mtp:S|wc:2|qr_nm:gd|com-cf:nl|ptrs:na|mc:135592|cat:100|qry_typ:P|lang:en|flavl:0|cs:8802|v=4,Rajkot,"Somnath Industrial Area 1, Shed No.1, Plot No.1, Opp Bhagvati Febrication, Gondal Road, Kothariya, Rajkot - 360004, Dist.Rajkot, Gujarat",4.3,8047312430
Hot forging,"IronHot ForgingCasting Part, For Automotive Industry",600,https://www.indiamart.com/proddetail/hot-forging-casting-part-2850294810462.html?pos=5&kwd=hot forging&tags=A||||8584.299|Price|product|||MDC|rsf:gd-|-res:RC3|ktp:N0|stype:attr=1|mtp:S|wc:2|qr_nm:gd|com-cf:nl|ptrs:na|mc:135592|cat:100|qry_typ:P|lang:en|flavl:0|cs:8802|v=4|r=5,Vasumathi Castings,https://www.indiamart.com/vasumathi-castings/?pos=5&kwd=hot forging&tags=A||||8584.299|Price|product|||MDC|rsf:gd-|-res:RC3|ktp:N0|stype:attr=1|mtp:S|wc:2|qr_nm:gd|com-cf:nl|ptrs:na|mc:135592|cat:100|qry_typ:P|lang:en|flavl:0|cs:8802|v=4,Coimbatore,"1/259-B, Pachapalayam, Sarcarsamakulam, Coimbatore - 641107, Dist.Coimbatore, Tamil Nadu",5,7942816263
Hot forging,"Forging Services Hot Forged Parts Manufacturers In India, For Automobile Industry",20,https://www.indiamart.com/proddetail/forging-services-hot-forged-parts-manufacturers-in-india-2854357976073.html?pos=6&kwd=hot forging&tags=A||||8038.093|Price|product|||TS|rsf:gd-|-res:RC3|ktp:N0|stype:attr=1|mtp:S|wc:2|qr_nm:gd|com-cf:nl|ptrs:na|mc:135592|cat:100|qry_typ:P|lang:en|flavl:0|cs:8802|v=4|r=4,Super Auto Industries,https://www.superautocomponents.com/?pos=6&kwd=hot forging&tags=A||||8038.093|Price|product|||TS|rsf:gd-|-res:RC3|ktp:N0|stype:attr=1|mtp:S|wc:2|qr_nm:gd|com-cf:nl|ptrs:na|mc:135592|cat:100|qry_typ:P|lang:en|flavl:0|cs:8802|v=4,Rajkot,"Plot No 2518 Gate No 1 Metoda, Super Auto Industries, Kalavad Marg, Lodhika Gidc, Lodhika Gidc, Rajkot - 360021, Dist.Rajkot, Gujarat",4.5,7942545868
Hot forging,"Hot ForgingParts, For Automotive Industry",100,https://www.indiamart.com/proddetail/hot-forging-parts-22537275397.html?pos=7&kwd=hot forging&tags=A||||8038.093|Price|product|||TS|rsf:gd-|-res:RC3|ktp:N0|stype:attr=1|mtp:S|wc:2|qr_nm:gd|com-cf:nl|ptrs:na|mc:135592|cat:100|qry_typ:P|lang:en|flavl:0|cs:8802|v=4|r=4,Sulohak Cast,https://www.sulohakengineering.com/?pos=7&kwd=hot forging&tags=A||||8038.093|Price|product|||TS|rsf:gd-|-res:RC3|ktp:N0|stype:attr=1|mtp:S|wc:2|qr_nm:gd|com-cf:nl|ptrs:na|mc:135592|cat:100|qry_typ:P|lang:en|flavl:0|cs:8802|v=4,Rajkot,"Maruti Industrial Area, Gondal Rd Charbhuja marble street,, Rajkot - 360004, Dist.Rajkot, Gujarat",4.6,8048983033
Hot forging,"Alloy SteelHot ForgingParts, For Industrial",150,https://www.indiamart.com/proddetail/hot-forging-parts-2852634494662.html?pos=8&kwd=hot forging&tags=A||||8032.138|Price|product|||TS|rsf:gd-|-res:RC3|ktp:N0|stype:attr=1|mtp:S|wc:2|qr_nm:gd|com-cf:nl|ptrs:na|mc:135592|cat:100|qry_typ:P|lang:en|flavl:0|cs:8802|v=4|r=3,Jay Ambe Engineers,https://www.jayambeengineer.com/?pos=8&kwd=hot forging&tags=A||||8032.138|Price|product|||TS|rsf:gd-|-res:RC3|ktp:N0|stype:attr=1|mtp:S|wc:2|qr_nm:gd|com-cf:nl|ptrs:na|mc:135592|cat:100|qry_typ:P|lang:en|flavl:0|cs:8802|v=4,Gondal,"Survey No.65P2/3, Plot No.49/50, Jay Ambe Engineers, Sgvp Road, B/h Sgvp Gurukul, Samruddhi Industrial Area, Ribda, Gondal - 360311, Dist.Rajkot, Gujarat",3.9,8048950202
Hot forging,"Alloy SteelHot ForgingParts, For Automobile Industry",145,https://www.indiamart.com/proddetail/hot-forging-parts-26442812697.html?pos=9&kwd=hot forging&tags=A||||8038.093|Price|product|||TS|rsf:gd-|-res:RC3|ktp:N0|stype:attr=1|mtp:S|wc:2|qr_nm:gd|com-cf:nl|ptrs:na|mc:135592|cat:100|qry_typ:P|lang:en|flavl:0|cs:8802|v=4|r=4,Madhav Industries,https://www.madhavind.net/?pos=9&kwd=hot forging&tags=A||||8038.093|Price|product|||TS|rsf:gd-|-res:RC3|ktp:N0|stype:attr=1|mtp:S|wc:2|qr_nm:gd|com-cf:nl|ptrs:na|mc:135592|cat:100|qry_typ:P|lang:en|flavl:0|cs:8802|v=4,Rajkot,"Ground Area, Shed No. 15-16, G-505/4, Gidc Lodhika, Kalawad Road, Lodhika Gidc, Rajkot - 360021, Dist.Rajkot, Gujarat",4.3,8048605398
Hot forging,"Brass Hot Roll Forging, For Automobile Industry",130,https://www.indiamart.com/proddetail/hot-roll-forging-2851158193073.html?pos=10&kwd=hot forging&tags=A||||8038.093|Price|product|||TS|rsf:gd-|-res:RC3|ktp:N0|stype:attr=1|mtp:S|wc:2|qr_nm:gd|com-cf:nl|ptrs:na|mc:135592|cat:100|qry_typ:P|lang:en|flavl:0|cs:8802|v=4|r=4,MNC International,https://www.mncexport.com/?pos=10&kwd=hot forging&tags=A||||8038.093|Price|product|||TS|rsf:gd-|-res:RC3|ktp:N0|stype:attr=1|mtp:S|wc:2|qr_nm:gd|com-cf:nl|ptrs:na|mc:135592|cat:100|qry_typ:P|lang:en|flavl:0|cs:8802|v=4,Rajkot,"E 101, First Floor, Serenity Garden, Kalavad Marg, Rajkot - 360005, Dist.Rajkot, Gujarat",4.8,8047653986
Open die forging,"MS Open DieForging, For Automobile Industry",200,https://www.indiamart.com/proddetail/open-die-forging-2851620151762.html?pos=1&kwd=open die forging&tags=BA||||8038.093|Price|product|||TS|rsf:gd-|-res:RC3|ktp:N0|stype:attr=1|mtp:S|wc:3|qr_nm:gd|com-cf:nl|ptrs:na|mc:7526|cat:100|qry_typ:P|lang:en|flavl:0|cs:8702|v=4|r=4,Horizon Metal Components,https://www.horizonmetals.in/?pos=1&kwd=open die forging&tags=BA||||8038.093|Price|product|||TS|rsf:gd-|-res:RC3|ktp:N0|stype:attr=1|mtp:S|wc:3|qr_nm:gd|com-cf:nl|ptrs:na|mc:7526|cat:100|qry_typ:P|lang:en|flavl:0|cs:8702|v=4,Rajkot,"Plot 2/13, B/H Rolwell Forze Pvt Ltd, NR.Pardi PGVCL Kishan Cement Gate, Pardi, Rajkot - 360024, Dist.Rajkot, Gujarat",4.2,7942873681
Open die forging,Open DieForging,160,https://www.indiamart.com/proddetail/open-die-forging-17830786288.html?pos=3&kwd=open die forging&tags=BA||||8038.093|Price|product|||TS|rsf:gd-|-res:RC3|ktp:N0|stype:attr=1|mtp:S|wc:3|qr_nm:gd|com-cf:nl|ptrs:na|mc:7526|cat:100|qry_typ:P|lang:en|flavl:0|cs:8702|v=4|r=4,Pollen Forge,https://www.indiamart.com/pollen-forge/?pos=3&kwd=open die forging&tags=BA||||8038.093|Price|product|||TS|rsf:gd-|-res:RC3|ktp:N0|stype:attr=1|mtp:S|wc:3|qr_nm:gd|com-cf:nl|ptrs:na|mc:7526|cat:100|qry_typ:P|lang:en|flavl:0|cs:8702|v=4,Rajkot,"Aji G. I. D. C. Road East, Plot No. 158 Phase 2, Rajkot - 360003, Dist.Rajkot, Gujarat",4.4,7942532080
Open die forging,"Indian Open Die Forgings, For Engineering",500,https://www.indiamart.com/proddetail/open-die-forgings-25530295030.html?pos=4&kwd=open die forging&tags=BA||||8663.873|Price|product|||TS|rsf:gd-|-res:RC3|ktp:N0|stype:attr=1|mtp:S|wc:3|qr_nm:gd|com-cf:nl|ptrs:na|mc:7526|cat:100|qry_typ:P|lang:en|flavl:0|cs:8702|v=4|r=4,Indian Steel And Metals,https://www.indiamart.com/anita-steel-suppliers/?pos=4&kwd=open die forging&tags=BA||||8663.873|Price|product|||TS|rsf:gd-|-res:RC3|ktp:N0|stype:attr=1|mtp:S|wc:3|qr_nm:gd|com-cf:nl|ptrs:na|mc:7526|cat:100|qry_typ:P|lang:en|flavl:0|cs:8702|v=4,Bengaluru,"No.42, Hosur Main Road, Near Sun Palace, Old Chandapura, Anekal Taluk,, Bengaluru - 560081, Dist.Bengaluru, Karnataka",4.5,8046058667
Open die forging,"Mild Steel Open Die Forgings, For Industrial",200,https://www.indiamart.com/proddetail/open-die-forgings-2851671581988.html?pos=7&kwd=open die forging&tags=BB||||8038.093|Price|product|||TS|rsf:gd-|-res:RC3|ktp:N0|stype:attr=1|mtp:S|wc:3|qr_nm:gd|com-cf:nl|ptrs:na|mc:7526|cat:100|qry_typ:P|lang:en|flavl:0|cs:8702|v=4|r=3,Shubh Components,https://www.indiamart.com/shubhcomponents/?pos=7&kwd=open die forging&tags=BB||||8038.093|Price|product|||TS|rsf:gd-|-res:RC3|ktp:N0|stype:attr=1|mtp:S|wc:3|qr_nm:gd|com-cf:nl|ptrs:na|mc:7526|cat:100|qry_typ:P|lang:en|flavl:0|cs:8702|v=4,Rajkot,"2-umakant Pandit Udhyog Nagar, R.s. No. 401/4, Plot No. 25, Shubh Componants, Mavdi Road, Rajkot - 360004, Dist.Rajkot, Gujarat",3.6,7942833930
Open die forging,"Open DieForging, Power Generation",300,https://www.indiamart.com/proddetail/open-die-forging-4367950012.html?pos=8&kwd=open die forging&tags=BB||||8785.791|Price|product|||TS|rsf:gd-|-res:RC3|ktp:N0|stype:attr=1|mtp:S|wc:3|qr_nm:gd|com-cf:nl|ptrs:na|mc:7526|cat:100|qry_typ:P|lang:en|flavl:0|cs:8702|v=4|r=4,Forgemen India,https://www.forgemenindia.in/?pos=8&kwd=open die forging&tags=BB||||8785.791|Price|product|||TS|rsf:gd-|-res:RC3|ktp:N0|stype:attr=1|mtp:S|wc:3|qr_nm:gd|com-cf:nl|ptrs:na|mc:7526|cat:100|qry_typ:P|lang:en|flavl:0|cs:8702|v=4,Ghaziabad,"C-97, Bulandshahar Road Industrial Area, Ghaziabad - 201009, Dist.Ghaziabad, Uttar Pradesh",4.5,8048967397
Open die forging,"Alloy Steel Gray Open Die Forgings, Material Grade: 20MnCr5/EN353/16MnCr5",135,https://www.indiamart.com/proddetail/open-die-forgings-25452226991.html?pos=10&kwd=open die forging&tags=BA||||8038.093|Price|product|||TS|rsf:gd-|-res:RC3|ktp:N0|stype:attr=1|mtp:S|wc:3|qr_nm:gd|com-cf:nl|ptrs:na|mc:7526|cat:100|qry_typ:P|lang:en|flavl:0|cs:8702|v=4|r=4,Madhav Industries,https://www.madhavind.net/?pos=10&kwd=open die forging&tags=BA||||8038.093|Price|product|||TS|rsf:gd-|-res:RC3|ktp:N0|stype:attr=1|mtp:S|wc:3|qr_nm:gd|com-cf:nl|ptrs:na|mc:7526|cat:100|qry_typ:P|lang:en|flavl:0|cs:8702|v=4,Rajkot,"Ground Area, Shed No. 15-16, G-505/4, Gidc Lodhika, Kalawad Road, Lodhika Gidc, Rajkot - 360021, Dist.Rajkot, Gujarat",4.3,8048605398
Closed die forging,"MS Closed DieForging, For Automobile Industry, 50 kg",100,https://www.indiamart.com/proddetail/closed-die-forging-2851620147373.html?pos=1&kwd=closed die forging&tags=A||||8038.093|Price|product|||TS|rsf:gd-|-res:RC3|ktp:N0|stype:attr=1|mtp:S|wc:3|qr_nm:gd|com-cf:nl|ptrs:na|mc:25019|cat:100|qry_typ:P|lang:en|flavl:0|cs:8747|v=4|r=4,Horizon Metal Components,https://www.horizonmetals.in/?pos=1&kwd=closed die forging&tags=A||||8038.093|Price|product|||TS|rsf:gd-|-res:RC3|ktp:N0|stype:attr=1|mtp:S|wc:3|qr_nm:gd|com-cf:nl|ptrs:na|mc:25019|cat:100|qry_typ:P|lang:en|flavl:0|cs:8747|v=4,Rajkot,"Plot 2/13, B/H Rolwell Forze Pvt Ltd, NR.Pardi PGVCL Kishan Cement Gate, Pardi, Rajkot - 360024, Dist.Rajkot, Gujarat",4.2,7942873681
Closed die forging,"Closed Die Forgings, Round And Profile",75,https://www.indiamart.com/proddetail/closed-die-forgings-2851272547191.html?pos=2&kwd=closed die forging&tags=A||||8307.81|Price|product|||TS|rsf:gd-|-res:RC3|ktp:N0|stype:attr=1|mtp:S|wc:3|qr_nm:gd|com-cf:nl|ptrs:na|mc:25019|cat:100|qry_typ:P|lang:en|flavl:0|cs:8747|v=4|r=4,Majestic Forge And Fittings,https://www.majesticforgefittings.com/?pos=2&kwd=closed die forging&tags=A||||8307.81|Price|product|||TS|rsf:gd-|-res:RC3|ktp:N0|stype:attr=1|mtp:S|wc:3|qr_nm:gd|com-cf:nl|ptrs:na|mc:25019|cat:100|qry_typ:P|lang:en|flavl:0|cs:8747|v=4,Pune,"Shop No. 3, Shreeji Complex, Majestic Forge And Fittings, Plot No. P Telco Road, MIDC, Bhosari, Pune - 411026, Dist.Pune, Maharashtra",4.5,7942538437
Closed die forging,SS Closed DieForging,30,https://www.indiamart.com/proddetail/closed-die-forging-23652826997.html?pos=3&kwd=closed die forging&tags=A||||8211.142|Price|product|||TS|rsf:gd-|-res:RC3|ktp:N0|stype:attr=1|mtp:S|wc:3|qr_nm:gd|com-cf:nl|ptrs:na|mc:25019|cat:100|qry_typ:P|lang:en|flavl:0|cs:8747|v=4|r=4,Royal Forging & Engineering,https://www.royalforging.in/?pos=3&kwd=closed die forging&tags=A||||8211.142|Price|product|||TS|rsf:gd-|-res:RC3|ktp:N0|stype:attr=1|mtp:S|wc:3|qr_nm:gd|com-cf:nl|ptrs:na|mc:25019|cat:100|qry_typ:P|lang:en|flavl:0|cs:8747|v=4,Mumbai,"Ground Shop No.5, 51k Dockyard Road Lohar Khata, Ratansey Bhagwandas Compound Mazagaon, Mumbai - 400010, Dist.Mumbai, Maharashtra",4.3,8048986045
Closed die forging,"MS Closed Die Forgings, 1 KG",140,https://www.indiamart.com/proddetail/closed-die-forgings-25452226412.html?pos=4&kwd=closed die forging&tags=A||||8038.093|Price|product|||TS|rsf:gd-|-res:RC3|ktp:N0|stype:attr=1|mtp:S|wc:3|qr_nm:gd|com-cf:nl|ptrs:na|mc:25019|cat:100|qry_typ:P|lang:en|flavl:0|cs:8747|v=4|r=4,Madhav Industries,https://www.madhavind.net/?pos=4&kwd=closed die forging&tags=A||||8038.093|Price|product|||TS|rsf:gd-|-res:RC3|ktp:N0|stype:attr=1|mtp:S|wc:3|qr_nm:gd|com-cf:nl|ptrs:na|mc:25019|cat:100|qry_typ:P|lang:en|flavl:0|cs:8747|v=4,Rajkot,"Ground Area, Shed No. 15-16, G-505/4, Gidc Lodhika, Kalawad Road, Lodhika Gidc, Rajkot - 360021, Dist.Rajkot, Gujarat",4.3,8048605398
Closed die forging,"Alloy Steel Closed DieForging, For Industrial, 200 Gm",28,https://www.indiamart.com/proddetail/closed-die-forging-27216830955.html?pos=5&kwd=closed die forging&tags=BA||||8038.093|Price|product|||TS|rsf:gd-|-res:RC3|ktp:N0|stype:attr=1|mtp:S|wc:3|qr_nm:gd|com-cf:nl|ptrs:na|mc:25019|cat:100|qry_typ:P|lang:en|flavl:0|cs:8747|v=4|r=4,Super Auto Industries,https://www.superautocomponents.com/?pos=5&kwd=closed die forging&tags=BA||||8038.093|Price|product|||TS|rsf:gd-|-res:RC3|ktp:N0|stype:attr=1|mtp:S|wc:3|qr_nm:gd|com-cf:nl|ptrs:na|mc:25019|cat:100|qry_typ:P|lang:en|flavl:0|cs:8747|v=4,Rajkot,"Plot No 2518 Gate No 1 Metoda, Super Auto Industries, Kalavad Marg, Lodhika Gidc, Lodhika Gidc, Rajkot - 360021, Dist.Rajkot, Gujarat",4.5,7942545868
Closed die forging,"Carbon Steel Forged Precision Turned Components, Packaging Type: Carton Box",350,https://www.indiamart.com/proddetail/forged-precision-turned-components-2851182617655.html?pos=6&kwd=closed die forging&tags=BA||||8038.093|Price|product|||TS|rsf:gd-|-res:RC3|ktp:N0|stype:attr=1|mtp:S|wc:3|qr_nm:gd|com-cf:nl|ptrs:na|mc:25019|cat:100|qry_typ:P|lang:en|flavl:0|cs:8747|v=4|r=4,MNC International,https://www.mncexport.com/?pos=6&kwd=closed die forging&tags=BA||||8038.093|Price|product|||TS|rsf:gd-|-res:RC3|ktp:N0|stype:attr=1|mtp:S|wc:3|qr_nm:gd|com-cf:nl|ptrs:na|mc:25019|cat:100|qry_typ:P|lang:en|flavl:0|cs:8747|v=4,Rajkot,"E 101, First Floor, Serenity Garden, Kalavad Marg, Rajkot - 360005, Dist.Rajkot, Gujarat",4.8,8047653986
Closed die forging,"Closed Die Steel Forgings, For Auto Parts",12,https://www.indiamart.com/proddetail/closed-die-steel-forgings-2850041062312.html?pos=7&kwd=closed die forging&tags=BA||||8038.093|Price|product|||TS|rsf:gd-|-res:RC3|ktp:N0|stype:attr=1|mtp:S|wc:3|qr_nm:gd|com-cf:nl|ptrs:na|mc:25019|cat:100|qry_typ:P|lang:en|flavl:0|cs:8747|v=4|r=4,Taj Industries,https://www.tajindustries.in/?pos=7&kwd=closed die forging&tags=BA||||8038.093|Price|product|||TS|rsf:gd-|-res:RC3|ktp:N0|stype:attr=1|mtp:S|wc:3|qr_nm:gd|com-cf:nl|ptrs:na|mc:25019|cat:100|qry_typ:P|lang:en|flavl:0|cs:8747|v=4,Rajkot,"NH-27, Gondal Road, Near Krishna Park Hotel Behind Tulip Party Plot, Rajkot - 360005, Dist.Rajkot, Gujarat",4.6,8048600895
Closed die forging,Closed Die Forgings,27,https://www.indiamart.com/proddetail/closed-die-forgings-2852640223848.html?pos=8&kwd=closed die forging&tags=A||||8032.138|Price|product|||TS|rsf:gd-|-res:RC3|ktp:N0|stype:attr=1|mtp:S|wc:3|qr_nm:gd|com-cf:nl|ptrs:na|mc:25019|cat:100|qry_typ:P|lang:en|flavl:0|cs:8747|v=4|r=4,Real Techno Forge,https://www.realtechnoforge.com/?pos=8&kwd=closed die forging&tags=A||||8032.138|Price|product|||TS|rsf:gd-|-res:RC3|ktp:N0|stype:attr=1|mtp:S|wc:3|qr_nm:gd|com-cf:nl|ptrs:na|mc:25019|cat:100|qry_typ:P|lang:en|flavl:0|cs:8747|v=4,Gondal,"-, ., Ribda, Gondal - 360311, Dist.Rajkot, Gujarat",4.2,8046049839
Closed die forging,"Stainless Steel Pinion Closed DieForging, 50 Gram",500,https://www.indiamart.com/proddetail/pinion-closed-die-forging-2850919408491.html?pos=10&kwd=closed die forging&tags=BA||||8663.873|Price|product|||TS|rsf:gd-|-res:RC3|ktp:N0|stype:attr=1|mtp:S|wc:3|qr_nm:gd|com-cf:nl|ptrs:na|mc:25019|cat:100|qry_typ:P|lang:en|flavl:0|cs:8747|v=4,Sai Charan Forgings,https://www.indiamart.com/saicharanforgings/?pos=10&kwd=closed die forging&tags=BA||||8663.873|Price|product|||TS|rsf:gd-|-res:RC3|ktp:N0|stype:attr=1|mtp:S|wc:3|qr_nm:gd|com-cf:nl|ptrs:na|mc:25019|cat:100|qry_typ:P|lang:en|flavl:0|cs:8747|v=4,Bengaluru,"1st Main Road,No., 22/1 Gokul,1st, Stage 1st Phase,Mathikere,, Bengaluru - 560054, Dist.Bengaluru, Karnataka",No Rating,7942828654
Machine casting,"Alloy,Cast Iron,Iron,SG IronCastingFor Injection Moulding Machine",110,https://www.indiamart.com/proddetail/casting-for-injection-moulding-machine-17901759930.html?pos=1&kwd=machine casting&tags=A||||8228.275|Price|product|||TS|rsf:gd-|-res:RC4|ktp:N0|stype:attr=1|mtp:S|wc:2|qr_nm:gd|com-cf:nl|ptrs:na|mc:32262|cat:133|qry_typ:P|lang:en|flavl:0|cs:8751|v=4|r=2,Super Alloys,https://www.indiamart.com/superalloys/?pos=1&kwd=machine casting&tags=A||||8228.275|Price|product|||TS|rsf:gd-|-res:RC4|ktp:N0|stype:attr=1|mtp:S|wc:2|qr_nm:gd|com-cf:nl|ptrs:na|mc:32262|cat:133|qry_typ:P|lang:en|flavl:0|cs:8751|v=4,Ahmedabad,"Survey No. A-1453, Bhavdagam, Opposite Kubadthal Bus Stop Odhav-Kathlala Road, Indore Highway, Ahmedabad - 382433, Dist.Ahmedabad, Gujarat",2.8,8047635140
Machine casting,"SS Machined Castings, High Pressure",400,https://www.indiamart.com/proddetail/ss-machined-castings-2853784756962.html?pos=2&kwd=machine casting&tags=A||||8038.093|Price|product|||TS|rsf:gd-|-res:RC4|ktp:N0|stype:attr=1|mtp:S|wc:2|qr_nm:gd|com-cf:nl|ptrs:na|mc:32262|cat:133|qry_typ:P|lang:en|flavl:0|cs:8751|v=4|r=4,Horizon Metal Components,https://www.horizonmetals.in/?pos=2&kwd=machine casting&tags=A||||8038.093|Price|product|||TS|rsf:gd-|-res:RC4|ktp:N0|stype:attr=1|mtp:S|wc:2|qr_nm:gd|com-cf:nl|ptrs:na|mc:32262|cat:133|qry_typ:P|lang:en|flavl:0|cs:8751|v=4,Rajkot,"Plot 2/13, B/H Rolwell Forze Pvt Ltd, NR.Pardi PGVCL Kishan Cement Gate, Pardi, Rajkot - 360024, Dist.Rajkot, Gujarat",4.2,7942873681
Machine casting,"High Pressure Machined Aluminium Castings, Material Grade: LM6",395,https://www.indiamart.com/proddetail/machined-aluminium-castings-2431640291.html?pos=3&kwd=machine casting&tags=BA||||8210.732|Price|product|||TS|rsf:gd-|-res:RC4|ktp:N0|stype:attr=1|mtp:S|wc:2|qr_nm:gd|com-cf:nl|ptrs:na|mc:32262|cat:133|qry_typ:P|lang:en|flavl:0|cs:8751|v=4|r=5,Super Cast Founders & Engineers,https://www.supercast.net/?pos=3&kwd=machine casting&tags=BA||||8210.732|Price|product|||TS|rsf:gd-|-res:RC4|ktp:N0|stype:attr=1|mtp:S|wc:2|qr_nm:gd|com-cf:nl|ptrs:na|mc:32262|cat:133|qry_typ:P|lang:en|flavl:0|cs:8751|v=4,Vasai,"Gala 10/19, Oberoi Industrial Estate, Chinchpada, Waliv Road, Vasai - 401208, Dist.Palghar, Maharashtra",5,8048601580
Machine casting,Grinding MachineCasting,60,https://www.indiamart.com/proddetail/grinding-machine-casting-11024221897.html?pos=4&kwd=machine casting&tags=A||||8228.275|Price|product|||TS|rsf:gd-|-res:RC4|ktp:N0|stype:attr=1|mtp:S|wc:2|qr_nm:gd|com-cf:nl|ptrs:na|mc:32262|cat:133|qry_typ:P|lang:en|flavl:0|cs:8751|v=4|r=4,Jatin Industries,https://www.indiamart.com/jatinindustries-gujarat/?pos=4&kwd=machine casting&tags=A||||8228.275|Price|product|||TS|rsf:gd-|-res:RC4|ktp:N0|stype:attr=1|mtp:S|wc:2|qr_nm:gd|com-cf:nl|ptrs:na|mc:32262|cat:133|qry_typ:P|lang:en|flavl:0|cs:8751|v=4,Ahmedabad,"No. 87/2B, GIDC, Phase 1, Vatva Industrial Estate Vatva, Ahmedabad - 382425, Dist.Ahmedabad, Gujarat",4.5,8048962399
Machine casting,Machined Castings,50,https://www.indiamart.com/proddetail/machined-castings-11672144991.html?pos=5&kwd=machine casting&tags=A||||8038.093|Price|product|||TS|rsf:gd-|-res:RC4|ktp:N0|stype:attr=1|mtp:S|wc:2|qr_nm:gd|com-cf:nl|ptrs:na|mc:32262|cat:133|qry_typ:P|lang:en|flavl:0|cs:8751|v=4|r=4,Rachana Engitech,https://www.rachanaengitech.in/?pos=5&kwd=machine casting&tags=A||||8038.093|Price|product|||TS|rsf:gd-|-res:RC4|ktp:N0|stype:attr=1|mtp:S|wc:2|qr_nm:gd|com-cf:nl|ptrs:na|mc:32262|cat:133|qry_typ:P|lang:en|flavl:0|cs:8751|v=4,Rajkot,"Ghanshyam Industrial Area, Street No. 4, Behind Hightech Tyre Virani Aghat, Dhebar Road, Rajkot - 360004, Dist.Rajkot, Gujarat",4.5,8047639262
Machine casting,"Grey Machined Cast IronCasting, For Industrial",130,https://www.indiamart.com/proddetail/machined-cast-iron-casting-21884580112.html?pos=7&kwd=machine casting&tags=BA||||8228.275|Price|product|||TS|rsf:gd-|-res:RC4|ktp:N0|stype:attr=1|mtp:S|wc:2|qr_nm:gd|com-cf:nl|ptrs:na|mc:32262|cat:133|qry_typ:P|lang:en|flavl:0|cs:8751|v=4|r=4,M. K. Industries,https://www.mkindustriesgroup.com/?pos=7&kwd=machine casting&tags=BA||||8228.275|Price|product|||TS|rsf:gd-|-res:RC4|ktp:N0|stype:attr=1|mtp:S|wc:2|qr_nm:gd|com-cf:nl|ptrs:na|mc:32262|cat:133|qry_typ:P|lang:en|flavl:0|cs:8751|v=4,Ahmedabad,"T1 Ahmedabad Ginning Pressing And Mfg Co Compound, Naroda Road Anand Industrial Estate Naroda, Ahmedabad - 380025, Dist.Ahmedabad, Gujarat",4.1,8046079743
Machine casting,Stainless Steel Grey Industrial SandCasting,92,https://www.indiamart.com/proddetail/industrial-sand-casting-7889528097.html?pos=8&kwd=machine casting&tags=BA||||8038.093|Price|product|||TS|rsf:gd-|-res:RC4|ktp:N0|stype:attr=1|mtp:S|wc:2|qr_nm:gd|com-cf:nl|ptrs:na|mc:32262|cat:133|qry_typ:P|lang:en|flavl:0|cs:8751|v=4|r=4,Poonam Metals,https://www.poonammetals.co.in/?pos=8&kwd=machine casting&tags=BA||||8038.093|Price|product|||TS|rsf:gd-|-res:RC4|ktp:N0|stype:attr=1|mtp:S|wc:2|qr_nm:gd|com-cf:nl|ptrs:na|mc:32262|cat:133|qry_typ:P|lang:en|flavl:0|cs:8751|v=4,Rajkot,"POONAM METALS Metoda, G. I. D. C., Plot No. G-1330, Opposite Kishan Auto Kishan Gate No. 6, Kalawad Road, Rajkot - 360021, Dist.Rajkot, Gujarat",4.7,8048619268
Machine casting,Cast Iron Lost Foam Machine ToolCasting,100,https://www.indiamart.com/proddetail/machine-tool-casting-27020258312.html?pos=9&kwd=machine casting&tags=BA||||8614.241|Price|product|||MDC|rsf:gd-|-res:RC4|ktp:N0|stype:attr=1|mtp:S|wc:2|qr_nm:gd|com-cf:nl|ptrs:na|mc:32262|cat:133|qry_typ:P|lang:en|flavl:0|cs:8751|v=4|r=3,Broadway Foundry And Engg Works,https://www.indiamart.com/broadway-foundry-engineering-works/?pos=9&kwd=machine casting&tags=BA||||8614.241|Price|product|||MDC|rsf:gd-|-res:RC4|ktp:N0|stype:attr=1|mtp:S|wc:2|qr_nm:gd|com-cf:nl|ptrs:na|mc:32262|cat:133|qry_typ:P|lang:en|flavl:0|cs:8751|v=4,Batala,"138, Focal Point,, Batala - 143505, Dist.Gurdaspur, Punjab",3,8048955045
Machine casting,MachinedCasting,70,https://www.indiamart.com/proddetail/machined-casting-4304175762.html?pos=10&kwd=machine casting&tags=BA||||8038.093|Price|product|||TS|rsf:gd-|-res:RC4|ktp:N0|stype:attr=1|mtp:S|wc:2|qr_nm:gd|com-cf:nl|ptrs:na|mc:32262|cat:133|qry_typ:P|lang:en|flavl:0|cs:8751|v=4|r=4,Atkotiya Casting,https://www.atkotiyacasting.com/?pos=10&kwd=machine casting&tags=BA||||8038.093|Price|product|||TS|rsf:gd-|-res:RC4|ktp:N0|stype:attr=1|mtp:S|wc:2|qr_nm:gd|com-cf:nl|ptrs:na|mc:32262|cat:133|qry_typ:P|lang:en|flavl:0|cs:8751|v=4,Rajkot,"Mira Udhyog, S. S. M. L., Plot No. 155, Street No. 08 Near Bansidhar Weighbridge, AJI Ring Road, Rajkot - 360003, Dist.Rajkot, Gujarat",4.1,8047646570
CNC machine parts,Shusa Non Ferrous Metals CNC Turned Parts,98,https://www.indiamart.com/proddetail/non-ferrous-metals-cnc-turned-parts-12525439573.html?pos=1&kwd=cnc machine parts&tags=A|PL|||8228.275|Price|product|||LSlc|rsf:pl-|-res:RC5|ktp:N0|stype:attr=1|mtp:G|prpfl:1|wc:3|qr_nm:gd|com-cf:nl|ptrs:na|mc:3877|cat:587|qry_typ:P|lang:en|flavl:8|cs:9379|v=4|r=4,Shusa Mechatronics,https://www.shusacnc.in/?pos=1&kwd=cnc machine parts&tags=A|PL|||8228.275|Price|product|||LSlc|rsf:pl-|-res:RC5|ktp:N0|stype:attr=1|mtp:G|prpfl:1|wc:3|qr_nm:gd|com-cf:nl|ptrs:na|mc:3877|cat:587|qry_typ:P|lang:en|flavl:8|cs:9379|v=4,Ahmedabad,"35, Ashwamegh Ind Estate, Changodar, Sanand, Ahmedabad - 382213, Dist.Ahmedabad, Gujarat",4.3,8048602045
CNC machine parts,"Stainless Steel Cnc Precision Parts, Packaging Type: Box",350,https://www.indiamart.com/proddetail/cnc-precision-parts-2854855744655.html?pos=2&kwd=cnc machine parts&tags=A|PL|||8556.61|Price|product|||SSlc|rsf:pl-|-res:RC5|ktp:N0|stype:attr=1|mtp:G|prpfl:1|wc:3|qr_nm:gd|com-cf:nl|ptrs:na|mc:3877|cat:587|qry_typ:P|lang:en|flavl:8|cs:9379|v=4|r=3,Fluidyne Engineers India Private Limited,https://www.indiamart.com/fluidyne-engineers-india/?pos=2&kwd=cnc machine parts&tags=A|PL|||8556.61|Price|product|||SSlc|rsf:pl-|-res:RC5|ktp:N0|stype:attr=1|mtp:G|prpfl:1|wc:3|qr_nm:gd|com-cf:nl|ptrs:na|mc:3877|cat:587|qry_typ:P|lang:en|flavl:8|cs:9379|v=4,Mysore,"Ind. Shed No. 20/A1 Behind Kodagahalli Service Station, KRS Road Metagahalli, Mysore - 570016, Dist.Mysuru, Karnataka",3.7,8045734861
CNC machine parts,Custom Cnc Machining Part Manufacturing,400,https://www.indiamart.com/proddetail/custom-cnc-machining-part-manufacturing-2854847732230.html?pos=3&kwd=cnc machine parts&tags=A||||8230.883|Price|product|||MDC|rsf:gd-|-res:RC5|ktp:N0|stype:attr=1|mtp:G|prpfl:1|wc:3|qr_nm:gd|com-cf:nl|ptrs:na|mc:3877|cat:587|qry_typ:P|lang:en|flavl:8|cs:9379|v=4|r=4,RMV International,https://www.indiamart.com/rmv-international/?pos=3&kwd=cnc machine parts&tags=A||||8230.883|Price|product|||MDC|rsf:gd-|-res:RC5|ktp:N0|stype:attr=1|mtp:G|prpfl:1|wc:3|qr_nm:gd|com-cf:nl|ptrs:na|mc:3877|cat:587|qry_typ:P|lang:en|flavl:8|cs:9379|v=4,Surat,"Second Floor, Shop No.214, Yogi Arcade, Opp. Pramukhchhaya Society, Yogi Chowk, Surat - 395010, Dist.Surat, Gujarat",4,7949337021
CNC machine parts,"45 mm CNC Sliding Head Machine Job Works, Maximum Turning Length: 200 mm",500,https://www.indiamart.com/proddetail/cnc-sliding-head-machine-job-works-2851252857555.html?pos=6&kwd=cnc machine parts&tags=A||||8228.275|Price|product|||SSnp|rsf:gd-|-res:RC5|ktp:N0|stype:attr=1|mtp:G|prpfl:1|wc:3|qr_nm:gd|com-cf:nl|ptrs:na|mc:3877|cat:587|qry_typ:P|lang:en|flavl:8|cs:9379|v=4|r=4,Metloy Blast Tech,https://www.indiamart.com/metloy-blast-techahmedabad/?pos=6&kwd=cnc machine parts&tags=A||||8228.275|Price|product|||SSnp|rsf:gd-|-res:RC5|ktp:N0|stype:attr=1|mtp:G|prpfl:1|wc:3|qr_nm:gd|com-cf:nl|ptrs:na|mc:3877|cat:587|qry_typ:P|lang:en|flavl:8|cs:9379|v=4,Ahmedabad,"Kathwada, GIDC, Road No. 8, Plot No. 370, Ahmedabad - 382430, Dist.Ahmedabad, Gujarat",4.6,8048957256
CNC machine parts,"Stainless Steel Cnc Machined Precision Parts, Packaging Type: Box",235,https://www.indiamart.com/proddetail/cnc-machined-precision-parts-24995682930.html?pos=7&kwd=cnc machine parts&tags=BB||||8211.142|Price|product|||SSlc|rsf:gd-|-res:RC5|ktp:N0|stype:attr=1|mtp:G|prpfl:1|wc:3|qr_nm:gd|com-cf:nl|ptrs:na|mc:3877|cat:587|qry_typ:P|lang:en|flavl:8|cs:9379|v=4|r=4,Precision Metal Works,https://www.precimetal.co.in/?pos=7&kwd=cnc machine parts&tags=BB||||8211.142|Price|product|||SSlc|rsf:gd-|-res:RC5|ktp:N0|stype:attr=1|mtp:G|prpfl:1|wc:3|qr_nm:gd|com-cf:nl|ptrs:na|mc:3877|cat:587|qry_typ:P|lang:en|flavl:8|cs:9379|v=4,Mumbai,"G-7, Darshan Udyog Bhavan, Kurla-Andheri Road Safed Pool, Sakinaka, Mumbai - 400072, Dist.Mumbai, Maharashtra",4.2,8046042496
CNC machine parts,Stainless Steel CNC Lathe Machine Turning Part,225,https://www.indiamart.com/proddetail/cnc-lathe-machine-turning-part-25828808397.html?pos=8&kwd=cnc machine parts&tags=BA||||8038.093|Price|product|||TS|rsf:gd-|-res:RC5|ktp:N0|stype:attr=1|mtp:G|prpfl:1|wc:3|qr_nm:gd|com-cf:nl|ptrs:na|mc:3877|cat:587|qry_typ:P|lang:en|flavl:8|cs:9379|v=4,SURELIA ENGINEERING,https://www.sureliaengineering.com/?pos=8&kwd=cnc machine parts&tags=BA||||8038.093|Price|product|||TS|rsf:gd-|-res:RC5|ktp:N0|stype:attr=1|mtp:G|prpfl:1|wc:3|qr_nm:gd|com-cf:nl|ptrs:na|mc:3877|cat:587|qry_typ:P|lang:en|flavl:8|cs:9379|v=4,Rajkot,"2/8, Mavdi Plot, Nr. Dili Industrial Cor, Mavdi Main Road, Rajkot - 360004, Dist.Rajkot, Gujarat",No Rating,7942958076
CNC machine parts,"Cnc MachineParts, For Industrial",60,https://www.indiamart.com/proddetail/cnc-machine-parts-11684790097.html?pos=9&kwd=cnc machine parts&tags=BA||||8228.275|Price|product|||TS|rsf:gd-|-res:RC5|ktp:N0|stype:attr=1|mtp:G|prpfl:1|wc:3|qr_nm:gd|com-cf:nl|ptrs:na|mc:3877|cat:587|qry_typ:P|lang:en|flavl:8|cs:9379|v=4|r=4,Pitru Krupa Engineering,https://www.cncmachiningcomponent.com/?pos=9&kwd=cnc machine parts&tags=BA||||8228.275|Price|product|||TS|rsf:gd-|-res:RC5|ktp:N0|stype:attr=1|mtp:G|prpfl:1|wc:3|qr_nm:gd|com-cf:nl|ptrs:na|mc:3877|cat:587|qry_typ:P|lang:en|flavl:8|cs:9379|v=4,Ahmedabad,"7, Siddheshwari Estate, Opp Sadvichar Eye Hospital, Gidc Naroda, Ahmedabad - 382330, Dist.Ahmedabad, Gujarat",4,8046044479
CNC machine parts,"Stainless SteelCnc MachineParts, Packaging Type: Box",800,https://www.indiamart.com/proddetail/cnc-machine-parts-2852620742833.html?pos=10&kwd=cnc machine parts&tags=BA||||8038.093|Price|product|||TS|rsf:gd-|-res:RC5|ktp:N0|stype:attr=1|mtp:G|prpfl:1|wc:3|qr_nm:gd|com-cf:nl|ptrs:na|mc:3877|cat:587|qry_typ:P|lang:en|flavl:8|cs:9379|v=4,Sujal Auto Industries,https://www.sujalautoind.com/?pos=10&kwd=cnc machine parts&tags=BA||||8038.093|Price|product|||TS|rsf:gd-|-res:RC5|ktp:N0|stype:attr=1|mtp:G|prpfl:1|wc:3|qr_nm:gd|com-cf:nl|ptrs:na|mc:3877|cat:587|qry_typ:P|lang:en|flavl:8|cs:9379|v=4,Rajkot,"Shed No.2, Pl.No.65, Classic Industrial Park, Gondal Road, Patel Estate, NR. Maldhari Fatak, Rajkot - 360002, Dist.Rajkot, Gujarat",No Rating,8047631143
Rubber molding,RubberMoulding,350,https://www.indiamart.com/proddetail/rubber-moulding-12819683988.html?pos=6&kwd=rubber molding&tags=BA||||8954.051|Price|product|||TS|rsf:gd-|-res:RC4|ktp:N0|stype:attr=1|mtp:S|wc:2|qr_nm:gd|com-cf:nl|ptrs:na|mc:2318|cat:453|qry_typ:P|lang:en|flavl:0|cs:8707|v=4|r=5,Jordan Rubber & Engineering,https://www.jordanengineering.in/?pos=6&kwd=rubber molding&tags=BA||||8954.051|Price|product|||TS|rsf:gd-|-res:RC4|ktp:N0|stype:attr=1|mtp:S|wc:2|qr_nm:gd|com-cf:nl|ptrs:na|mc:2318|cat:453|qry_typ:P|lang:en|flavl:0|cs:8707|v=4,Chennai,"78, Kalyani Industrial Estate Vanagaram Road Athipet, Ambattur Chennai, Chennai - 600058, Dist.Chennai, Tamil Nadu",5,8048954333
Zinc molding,Zincdie casting molding,300,https://www.indiamart.com/proddetail/zinc-die-casting-molding-2855859218533.html?pos=3&kwd=zinc molding&tags=A||||8038.093|Price|product|||TS|rsf:gd-|-res:RC3|ktp:N0|stype:attr=1|mtp:S|wc:2|qr_nm:gd|com-cf:nl|ptrs:na|mc:2789|cat:133|qry_typ:P|lang:en|flavl:0|cs:8713|v=4|r=4,Jay Khodal Metal,https://www.jaykhodalmetal.com/?pos=3&kwd=zinc molding&tags=A||||8038.093|Price|product|||TS|rsf:gd-|-res:RC3|ktp:N0|stype:attr=1|mtp:S|wc:2|qr_nm:gd|com-cf:nl|ptrs:na|mc:2789|cat:133|qry_typ:P|lang:en|flavl:0|cs:8713|v=4,Rajkot,"Plot No 7, Ghanshyam Industrial Area, Street No 8, Dhebar Road, Rajkot - 360002, Dist.Rajkot, Gujarat",4,8047690232
Zinc molding,"Mazak 3 Or 5 NaturalZincDie Casting, Packaging Type: As Require",320,https://www.indiamart.com/proddetail/zinc-die-casting-23561308530.html?pos=5&kwd=zinc molding&tags=A||||8230.883|Price|product|||TS|rsf:gd-|-res:RC3|ktp:N0|stype:attr=1|mtp:S|wc:2|qr_nm:gd|com-cf:nl|ptrs:na|mc:2789|cat:133|qry_typ:P|lang:en|flavl:0|cs:8713|v=4|r=3,Maruti Dyna Cast,https://www.indiamart.com/maruti-dyna-cast/?pos=5&kwd=zinc molding&tags=A||||8230.883|Price|product|||TS|rsf:gd-|-res:RC3|ktp:N0|stype:attr=1|mtp:S|wc:2|qr_nm:gd|com-cf:nl|ptrs:na|mc:2789|cat:133|qry_typ:P|lang:en|flavl:0|cs:8713|v=4,Surat,"Plot No. H/3/10, Hojiwala Industrial Estate, Surat - 394230, Dist.Surat, Gujarat",3.9,8047639217
Zinc molding,SilverZincDie Casting,180,https://www.indiamart.com/proddetail/zinc-die-casting-19238486255.html?pos=7&kwd=zinc molding&tags=A||||8228.275|Price|product|||TS|rsf:gd-|-res:RC3|ktp:N0|stype:attr=1|mtp:S|wc:2|qr_nm:gd|com-cf:nl|ptrs:na|mc:2789|cat:133|qry_typ:P|lang:en|flavl:0|cs:8713|v=4|r=4,Aarenza Die Cast Private Limited,https://www.aarenza.com/?pos=7&kwd=zinc molding&tags=A||||8228.275|Price|product|||TS|rsf:gd-|-res:RC3|ktp:N0|stype:attr=1|mtp:S|wc:2|qr_nm:gd|com-cf:nl|ptrs:na|mc:2789|cat:133|qry_typ:P|lang:en|flavl:0|cs:8713|v=4,Ahmedabad,"1397/2, Shakti Farm, Bhavda Gam Road, Bhavda, Daskroi, Ahmedabad - 382433, Dist.Ahmedabad, Gujarat",4,8046072571
Zinc molding,AluminumZincPressure Die Casting Components manufacturers Exporter in Czech republic from INDIA,410,https://www.indiamart.com/proddetail/aluminum-zinc-pressure-die-casting-components-manufacturers-exporter-in-czech-republic-from-india-2854320564488.html?pos=9&kwd=zinc molding&tags=A||||8038.093|Price|product|||TS|rsf:gd-|-res:RC3|ktp:N0|stype:attr=1|mtp:S|wc:2|qr_nm:gd|com-cf:nl|ptrs:na|mc:2789|cat:133|qry_typ:P|lang:en|flavl:0|cs:8713|v=4|r=4,MNC International,https://www.mncexport.com/?pos=9&kwd=zinc molding&tags=A||||8038.093|Price|product|||TS|rsf:gd-|-res:RC3|ktp:N0|stype:attr=1|mtp:S|wc:2|qr_nm:gd|com-cf:nl|ptrs:na|mc:2789|cat:133|qry_typ:P|lang:en|flavl:0|cs:8713|v=4,Rajkot,"E 101, First Floor, Serenity Garden, Kalavad Marg, Rajkot - 360005, Dist.Rajkot, Gujarat",4.8,8047653986
Zinc molding,"ZincSquare Permanent Mould Die Casting, For Automotive Industry",320,https://www.indiamart.com/proddetail/permanent-mould-die-casting-4023128555.html?pos=10&kwd=zinc molding&tags=BA||||8302.941|Price|product|||TS|rsf:gd-|-res:RC3|ktp:N0|stype:attr=1|mtp:S|wc:2|qr_nm:gd|com-cf:nl|ptrs:na|mc:2789|cat:133|qry_typ:P|lang:en|flavl:0|cs:8713|v=4|r=4,Ravindra Metal Industries,https://www.rmicastings.com/?pos=10&kwd=zinc molding&tags=BA||||8302.941|Price|product|||TS|rsf:gd-|-res:RC3|ktp:N0|stype:attr=1|mtp:S|wc:2|qr_nm:gd|com-cf:nl|ptrs:na|mc:2789|cat:133|qry_typ:P|lang:en|flavl:0|cs:8713|v=4,Pimpri Chinchwad,"Abasahib Chinchwade Industrial Estate Opp To Fitness Empire, Walhekar Wadi Road, Near Hotel Garva, Pimpri Chinchwad - 411033, Dist.Pune, Maharashtra",4.3,8047631570
Aluminum extrusion,Square LM 30x30 Aluminium ProfileExtrusion,360,https://www.indiamart.com/proddetail/lm-30x30-aluminium-profile-extrusion-13299269291.html?pos=1&kwd=aluminum extrusion&tags=A|PL|||8663.873|Price|product|||LSlc|rsf:pl-|-res:RC4|ktp:N0|stype:attr=1|mtp:S|wc:2|qr_nm:gd|com-cf:nl|ptrs:na|mc:678|cat:49|qry_typ:P|lang:en|flavl:0-3|cs:8715|v=4|r=4,Light Metals,https://www.indiamart.com/light-metals/?pos=1&kwd=aluminum extrusion&tags=A|PL|||8663.873|Price|product|||LSlc|rsf:pl-|-res:RC4|ktp:N0|stype:attr=1|mtp:S|wc:2|qr_nm:gd|com-cf:nl|ptrs:na|mc:678|cat:49|qry_typ:P|lang:en|flavl:0-3|cs:8715|v=4,Bengaluru,"No. 7/B, Ground Floor, 11th C Cross, West Of Chord Road, Mahalakshmipuram, 2nd Stage, Bengaluru - 560086, Dist.Bengaluru, Karnataka",4.4,8048610778
Aluminum extrusion,"Square 4040 AluminiumExtrusionHEAVY DUTY, For Industrial",650,https://www.indiamart.com/proddetail/4040-aluminium-extrusion-heavy-duty-2855202687148.html?pos=2&kwd=aluminum extrusion&tags=A|PL|||8307.81|Price|product|||LSlc|rsf:pl-|-res:RC4|ktp:N0|stype:attr=1|mtp:S|wc:2|qr_nm:gd|com-cf:nl|ptrs:na|mc:678|cat:49|qry_typ:P|lang:en|flavl:0-3|cs:8715|v=4|r=4,Creative Engineers,https://www.creativeengineers.org/?pos=2&kwd=aluminum extrusion&tags=A|PL|||8307.81|Price|product|||LSlc|rsf:pl-|-res:RC4|ktp:N0|stype:attr=1|mtp:S|wc:2|qr_nm:gd|com-cf:nl|ptrs:na|mc:678|cat:49|qry_typ:P|lang:en|flavl:0-3|cs:8715|v=4,Pune,"Sr. No. 703/2/1, 2/2, Gat No. 2, Shanti Nagar, Pune - 411026, Dist.Pune, Maharashtra",4.8,8048614559
Aluminum extrusion,"2040 V Slot AluminiumExtrusionProfile, For Industrial",540,https://www.indiamart.com/proddetail/2040-v-slot-aluminium-extrusion-profile-2849621923355.html?pos=4&kwd=aluminum extrusion&tags=A||||8741.812|Price|product|||LSlc|rsf:gd-|-res:RC4|ktp:N0|stype:attr=1|mtp:S|wc:2|qr_nm:gd|com-cf:nl|ptrs:na|mc:678|cat:49|qry_typ:P|lang:en|flavl:0-3|cs:8715|v=4|r=4,Simplex Profilo Systems,https://www.simplexprofilo.com/?pos=4&kwd=aluminum extrusion&tags=A||||8741.812|Price|product|||LSlc|rsf:gd-|-res:RC4|ktp:N0|stype:attr=1|mtp:S|wc:2|qr_nm:gd|com-cf:nl|ptrs:na|mc:678|cat:49|qry_typ:P|lang:en|flavl:0-3|cs:8715|v=4,Gurgaon,"Plot No. 21, Lane No. 1, Gali No. 8, Kadipur Industrial Area, Gurgaon - 122001, Dist.Gurugram, Haryana",4.6,8046047967
Aluminum extrusion,"Square AluminiumAluminumExtrusions T Slot Profile, Size: 60x60 mm",500,https://www.indiamart.com/proddetail/aluminum-extrusions-t-slot-profile-19027837633.html?pos=5&kwd=aluminum extrusion&tags=A||||8307.81|Price|product|||TS|rsf:gd-|-res:RC4|ktp:N0|stype:attr=1|mtp:S|wc:2|qr_nm:gd|com-cf:nl|ptrs:na|mc:678|cat:49|qry_typ:P|lang:en|flavl:0-3|cs:8715|v=4|r=3,Srushti Technologies,https://www.indiamart.com/srushtitechnologiesmaharashtra/?pos=5&kwd=aluminum extrusion&tags=A||||8307.81|Price|product|||TS|rsf:gd-|-res:RC4|ktp:N0|stype:attr=1|mtp:S|wc:2|qr_nm:gd|com-cf:nl|ptrs:na|mc:678|cat:49|qry_typ:P|lang:en|flavl:0-3|cs:8715|v=4,Pune,"Sect-7, Pl No 163, Auto Spark, Bhosari Road, Bhosari, Pimpri Chinchwad, Pune - 411026, Dist.Pune, Maharashtra",3,8048619788
Aluminum extrusion,"12 Feet GermanyAluminumExtrusionProfile, For Industrial",215,https://www.indiamart.com/proddetail/aluminum-extrusion-profile-2853921176862.html?pos=6&kwd=aluminum extrusion&tags=A||||8752.144|Price|product|||TS|rsf:gd-|-res:RC4|ktp:N0|stype:attr=1|mtp:S|wc:2|qr_nm:gd|com-cf:nl|ptrs:na|mc:678|cat:49|qry_typ:P|lang:en|flavl:0-3|cs:8715|v=4|r=4,G. D. Traders,https://www.gdtraders.co.in/?pos=6&kwd=aluminum extrusion&tags=A||||8752.144|Price|product|||TS|rsf:gd-|-res:RC4|ktp:N0|stype:attr=1|mtp:S|wc:2|qr_nm:gd|com-cf:nl|ptrs:na|mc:678|cat:49|qry_typ:P|lang:en|flavl:0-3|cs:8715|v=4,New Delhi,"B- 118, Phase-1, Mayapuri Industrial Area, New Delhi - 110064, Dist.New Delhi, Delhi",4.5,8047644477
Aluminum extrusion,"T Slot AluminiumExtrusionProfile, For Industrial",210,https://www.indiamart.com/proddetail/t-slot-aluminium-extrusion-profile-2853703162973.html?pos=8&kwd=aluminum extrusion&tags=A||||8307.81|Price|product|||TS|rsf:gd-|-res:RC4|ktp:N0|stype:attr=1|mtp:S|wc:2|qr_nm:gd|com-cf:nl|ptrs:na|mc:678|cat:49|qry_typ:P|lang:en|flavl:0-3|cs:8715|v=4|r=4,Global Automate Solutions,https://www.indiamart.com/globalautomate-solutions/?pos=8&kwd=aluminum extrusion&tags=A||||8307.81|Price|product|||TS|rsf:gd-|-res:RC4|ktp:N0|stype:attr=1|mtp:S|wc:2|qr_nm:gd|com-cf:nl|ptrs:na|mc:678|cat:49|qry_typ:P|lang:en|flavl:0-3|cs:8715|v=4,Pune,"B Wing Flat No 303, Sector No 1 Plot No SDC 6, Shubh Complex, Indrayani Nagar, Bhosari, Pune - 411026, Dist.Pune, Maharashtra",4.5,8048616130
Aluminum extrusion,"Aluminium WindowExtrusion, For Construction",280,https://www.indiamart.com/proddetail/aluminium-window-extrusion-22631689388.html?pos=9&kwd=aluminum extrusion&tags=A||||8752.144|Price|product|||LSnp|rsf:gd-|-res:RC4|ktp:N0|stype:attr=1|mtp:S|wc:2|qr_nm:gd|com-cf:nl|ptrs:na|mc:678|cat:49|qry_typ:P|lang:en|flavl:0-3|cs:8715|v=4|r=4,Padmawati Extrusion Private Limited,https://www.padmawatiextrusion.in/?pos=9&kwd=aluminum extrusion&tags=A||||8752.144|Price|product|||LSnp|rsf:gd-|-res:RC4|ktp:N0|stype:attr=1|mtp:S|wc:2|qr_nm:gd|com-cf:nl|ptrs:na|mc:678|cat:49|qry_typ:P|lang:en|flavl:0-3|cs:8715|v=4,New Delhi,"Bharat Ashish Building, Shop No.- G-2, Plot No.- 5, Ground Floor, Paharganj, D B Gupta Road, New Delhi - 110055, Dist.New Delhi, Delhi",4.1,8046063087
Aluminum extrusion,"Rose Gold AluminiumExtrusionProfile, For Industrial",400,https://www.indiamart.com/proddetail/aluminium-extrusion-profile-2851298806288.html?pos=10&kwd=aluminum extrusion&tags=A||||8663.873|Price|product|||TS|rsf:gd-|-res:RC4|ktp:N0|stype:attr=1|mtp:S|wc:2|qr_nm:gd|com-cf:nl|ptrs:na|mc:678|cat:49|qry_typ:P|lang:en|flavl:0-3|cs:8715|v=4|r=4,SMT Conveyors And Automations,https://www.smtconveyors.com/?pos=10&kwd=aluminum extrusion&tags=A||||8663.873|Price|product|||TS|rsf:gd-|-res:RC4|ktp:N0|stype:attr=1|mtp:S|wc:2|qr_nm:gd|com-cf:nl|ptrs:na|mc:678|cat:49|qry_typ:P|lang:en|flavl:0-3|cs:8715|v=4,Bengaluru,"Ground Floor, 1305/1300 A, Sunkadakatte, Bengaluru - 560091, Dist.Bengaluru, Karnataka",4.6,7942836598
